camera_1,camera_2
NaN,NaN
NaN,NaN
NaN,NaN
NaN,NaN
NaN,NaN
NaN,NaN
NaN,NaN
NaN,NaN
NaN,NaN
NaN,NaN
NaN,NaN
NaN,NaN
NaN,NaN
NaN,NaN
NaN,NaN
NaN,NaN
NaN,NaN
NaN,NaN
NaN,NaN
NaN,NaN
NaN,NaN
NaN,NaN
NaN,NaN
NaN,NaN
NaN,NaN
NaN,NaN
NaN,NaN
NaN,NaN
NaN,NaN
NaN,NaN
NaN,NaN
NaN,NaN
NaN,NaN
NaN,NaN
NaN,NaN
NaN,NaN
NaN,NaN
NaN,NaN
NaN,NaN
NaN,NaN
NaN,NaN
NaN,NaN
NaN,NaN
NaN,NaN
NaN,NaN
NaN,NaN
NaN,NaN
NaN,NaN
NaN,NaN
NaN,NaN
NaN,NaN
NaN,NaN
NaN,NaN
NaN,NaN
NaN,NaN
NaN,NaN
NaN,NaN
NaN,NaN
NaN,NaN
NaN,NaN
NaN,NaN
NaN,NaN
NaN,NaN
NaN,NaN
NaN,NaN
NaN,NaN
NaN,NaN
NaN,NaN
NaN,NaN
NaN,NaN
NaN,NaN
NaN,NaN
NaN,NaN
NaN,NaN
NaN,NaN
NaN,NaN
NaN,NaN
NaN,NaN
NaN,NaN
NaN,NaN
NaN,NaN
NaN,NaN
NaN,NaN
NaN,NaN
NaN,NaN
NaN,NaN
NaN,NaN
NaN,NaN
NaN,NaN
NaN,NaN
NaN,NaN
NaN,NaN
NaN,NaN
NaN,NaN
NaN,NaN
NaN,NaN
NaN,NaN
NaN,NaN
NaN,NaN
NaN,NaN
NaN,NaN
NaN,NaN
NaN,NaN
NaN,NaN
NaN,NaN
NaN,NaN
NaN,NaN
NaN,NaN
NaN,NaN
NaN,NaN
NaN,NaN
NaN,NaN
NaN,NaN
NaN,NaN
NaN,NaN
NaN,NaN
NaN,NaN
NaN,NaN
NaN,NaN
NaN,NaN
NaN,NaN
NaN,NaN
NaN,NaN
NaN,NaN
NaN,NaN
NaN,NaN
NaN,NaN
NaN,NaN
NaN,NaN
NaN,NaN
NaN,NaN
NaN,NaN
NaN,NaN
NaN,NaN
NaN,NaN
NaN,NaN
NaN,NaN
NaN,NaN
NaN,NaN
NaN,NaN
NaN,NaN
NaN,NaN
NaN,NaN
NaN,NaN
NaN,NaN
NaN,NaN
NaN,NaN
NaN,NaN
NaN,NaN
NaN,NaN
NaN,NaN
NaN,NaN
NaN,NaN
NaN,NaN
NaN,NaN
NaN,NaN
NaN,NaN
NaN,NaN
NaN,NaN
NaN,NaN
NaN,NaN
NaN,NaN
NaN,NaN
NaN,NaN
NaN,NaN
NaN,NaN
NaN,NaN
NaN,NaN
NaN,NaN
NaN,NaN
NaN,NaN
NaN,NaN
NaN,NaN
NaN,NaN
NaN,NaN
NaN,NaN
NaN,NaN
NaN,NaN
NaN,NaN
NaN,NaN
NaN,NaN
NaN,NaN
NaN,NaN
NaN,NaN
NaN,NaN
NaN,NaN
NaN,NaN
NaN,NaN
NaN,NaN
NaN,NaN
NaN,NaN
NaN,NaN
NaN,NaN
NaN,NaN
NaN,NaN
NaN,NaN
NaN,NaN
NaN,NaN
NaN,NaN
NaN,NaN
NaN,NaN
NaN,NaN
NaN,NaN
NaN,NaN
NaN,NaN
NaN,NaN
NaN,NaN
NaN,NaN
NaN,NaN
NaN,NaN
NaN,NaN
NaN,NaN
NaN,NaN
NaN,NaN
NaN,NaN
NaN,NaN
NaN,NaN
NaN,NaN
NaN,NaN
NaN,NaN
NaN,NaN
NaN,NaN
NaN,NaN
NaN,NaN
NaN,NaN
NaN,NaN
NaN,NaN
NaN,NaN
NaN,NaN
NaN,NaN
NaN,NaN
NaN,NaN
NaN,NaN
NaN,NaN
NaN,NaN
NaN,NaN
NaN,NaN
NaN,NaN
NaN,NaN
NaN,NaN
NaN,NaN
NaN,NaN
NaN,NaN
NaN,NaN
NaN,NaN
NaN,NaN
NaN,NaN
NaN,NaN
NaN,NaN
NaN,NaN
NaN,NaN
NaN,NaN
NaN,NaN
NaN,NaN
NaN,NaN
NaN,NaN
NaN,NaN
NaN,NaN
NaN,NaN
NaN,NaN
NaN,NaN
NaN,NaN
NaN,NaN
NaN,NaN
NaN,NaN
NaN,NaN
NaN,NaN
NaN,NaN
NaN,NaN
NaN,NaN
NaN,NaN
NaN,NaN
NaN,NaN
NaN,NaN
NaN,NaN
NaN,NaN
NaN,NaN
NaN,NaN
NaN,NaN
NaN,NaN
NaN,NaN
NaN,NaN
NaN,NaN
NaN,NaN
NaN,NaN
NaN,NaN
NaN,NaN
NaN,NaN
NaN,NaN
NaN,NaN
NaN,NaN
NaN,NaN
NaN,NaN
NaN,NaN
NaN,NaN
NaN,NaN
NaN,NaN
NaN,NaN
NaN,NaN
NaN,NaN
NaN,NaN
NaN,NaN
NaN,NaN
NaN,NaN
NaN,NaN
NaN,NaN
NaN,NaN
NaN,NaN
NaN,NaN
NaN,NaN
NaN,NaN
NaN,NaN
NaN,NaN
NaN,NaN
NaN,NaN
NaN,NaN
NaN,NaN
NaN,NaN
NaN,NaN
NaN,NaN
NaN,NaN
NaN,NaN
NaN,NaN
NaN,NaN
NaN,NaN
NaN,NaN
NaN,NaN
NaN,NaN
NaN,NaN
NaN,NaN
NaN,NaN
NaN,NaN
NaN,NaN
NaN,NaN
NaN,NaN
NaN,NaN
NaN,NaN
NaN,NaN
NaN,NaN
NaN,NaN
NaN,NaN
NaN,NaN
NaN,NaN
NaN,NaN
NaN,NaN
NaN,NaN
NaN,NaN
NaN,NaN
NaN,NaN
NaN,NaN
NaN,NaN
NaN,NaN
NaN,NaN
NaN,NaN
NaN,NaN
NaN,NaN
NaN,NaN
NaN,NaN
NaN,NaN
NaN,NaN
NaN,NaN
NaN,NaN
NaN,NaN
NaN,NaN
NaN,NaN
NaN,NaN
NaN,NaN
NaN,NaN
NaN,NaN
NaN,NaN
NaN,NaN
NaN,NaN
NaN,NaN
NaN,NaN
NaN,NaN
NaN,NaN
NaN,NaN
NaN,NaN
NaN,NaN
NaN,NaN
NaN,NaN
NaN,NaN
NaN,NaN
NaN,NaN
NaN,NaN
NaN,NaN
NaN,NaN
NaN,NaN
NaN,NaN
NaN,NaN
NaN,NaN
NaN,NaN
NaN,NaN
NaN,NaN
NaN,NaN
NaN,NaN
NaN,NaN
NaN,NaN
NaN,NaN
NaN,NaN
NaN,NaN
NaN,NaN
NaN,NaN
NaN,NaN
NaN,NaN
NaN,NaN
NaN,NaN
NaN,NaN
NaN,NaN
NaN,NaN
NaN,NaN
NaN,NaN
NaN,NaN
NaN,NaN
NaN,NaN
NaN,NaN
NaN,NaN
NaN,NaN
NaN,NaN
NaN,NaN
NaN,NaN
NaN,NaN
NaN,NaN
NaN,NaN
NaN,NaN
NaN,NaN
NaN,NaN
NaN,NaN
NaN,NaN
NaN,NaN
NaN,NaN
NaN,NaN
NaN,NaN
NaN,NaN
NaN,NaN
NaN,NaN
NaN,NaN
NaN,NaN
NaN,NaN
NaN,NaN
NaN,NaN
NaN,NaN
NaN,NaN
NaN,NaN
NaN,NaN
NaN,NaN
NaN,NaN
NaN,NaN
NaN,NaN
NaN,NaN
NaN,NaN
NaN,NaN
NaN,NaN
NaN,NaN
NaN,NaN
NaN,NaN
NaN,NaN
NaN,NaN
NaN,NaN
NaN,NaN
NaN,NaN
NaN,NaN
NaN,NaN
NaN,NaN
NaN,NaN
NaN,NaN
NaN,NaN
NaN,NaN
NaN,NaN
NaN,NaN
NaN,NaN
NaN,NaN
NaN,NaN
NaN,NaN
NaN,NaN
NaN,NaN
NaN,NaN
NaN,NaN
NaN,NaN
NaN,NaN
NaN,NaN
NaN,NaN
NaN,NaN
NaN,NaN
NaN,NaN
NaN,NaN
NaN,NaN
NaN,NaN
NaN,NaN
NaN,NaN
NaN,NaN
NaN,NaN
NaN,NaN
NaN,NaN
NaN,NaN
NaN,NaN
NaN,NaN
NaN,NaN
NaN,NaN
NaN,NaN
NaN,NaN
NaN,NaN
NaN,NaN
NaN,NaN
NaN,NaN
NaN,NaN
NaN,NaN
NaN,NaN
NaN,NaN
NaN,NaN
NaN,NaN
NaN,NaN
NaN,NaN
NaN,NaN
NaN,NaN
NaN,NaN
NaN,NaN
NaN,NaN
NaN,NaN
NaN,NaN
NaN,NaN
NaN,NaN
NaN,NaN
NaN,NaN
NaN,NaN
NaN,NaN
NaN,NaN
NaN,NaN
NaN,NaN
NaN,NaN
NaN,NaN
NaN,NaN
NaN,NaN
NaN,NaN
NaN,NaN
NaN,NaN
NaN,NaN
NaN,NaN
NaN,NaN
NaN,NaN
NaN,NaN
NaN,NaN
NaN,NaN
NaN,NaN
NaN,NaN
NaN,NaN
NaN,NaN
NaN,NaN
NaN,NaN
NaN,NaN
NaN,NaN
NaN,NaN
NaN,NaN
NaN,NaN
NaN,NaN
NaN,NaN
NaN,NaN
NaN,NaN
NaN,NaN
NaN,NaN
NaN,NaN
NaN,NaN
NaN,NaN
NaN,NaN
NaN,NaN
NaN,NaN
NaN,NaN
NaN,NaN
NaN,NaN
NaN,NaN
NaN,NaN
NaN,NaN
NaN,NaN
NaN,NaN
NaN,NaN
NaN,NaN
NaN,NaN
NaN,NaN
NaN,NaN
NaN,NaN
NaN,NaN
NaN,NaN
NaN,NaN
NaN,NaN
NaN,NaN
NaN,NaN
NaN,NaN
NaN,NaN
NaN,NaN
NaN,NaN
NaN,NaN
NaN,NaN
NaN,NaN
NaN,NaN
NaN,NaN
NaN,NaN
NaN,NaN
NaN,NaN
NaN,NaN
NaN,NaN
NaN,NaN
NaN,NaN
NaN,NaN
NaN,NaN
NaN,NaN
NaN,NaN
NaN,NaN
NaN,NaN
NaN,NaN
NaN,NaN
NaN,NaN
NaN,NaN
NaN,NaN
NaN,NaN
NaN,NaN
NaN,NaN
NaN,NaN
NaN,NaN
NaN,NaN
NaN,NaN
NaN,NaN
NaN,NaN
NaN,NaN
NaN,NaN
NaN,NaN
NaN,NaN
NaN,NaN
NaN,NaN
NaN,NaN
NaN,NaN
NaN,NaN
NaN,NaN
NaN,NaN
NaN,NaN
NaN,NaN
NaN,NaN
NaN,NaN
NaN,NaN
NaN,NaN
NaN,NaN
NaN,NaN
NaN,NaN
NaN,NaN
NaN,NaN
NaN,NaN
NaN,NaN
NaN,NaN
NaN,NaN
NaN,NaN
NaN,NaN
NaN,NaN
NaN,NaN
NaN,NaN
NaN,NaN
NaN,NaN
NaN,NaN
NaN,NaN
NaN,NaN
NaN,NaN
NaN,NaN
NaN,NaN
NaN,NaN
NaN,NaN
NaN,NaN
NaN,NaN
NaN,NaN
NaN,NaN
NaN,NaN
NaN,NaN
NaN,NaN
NaN,NaN
NaN,NaN
NaN,NaN
NaN,NaN
NaN,NaN
NaN,NaN
NaN,NaN
NaN,NaN
NaN,NaN
NaN,NaN
NaN,NaN
NaN,NaN
NaN,NaN
NaN,NaN
NaN,NaN
NaN,NaN
NaN,NaN
NaN,NaN
NaN,NaN
NaN,NaN
NaN,NaN
NaN,NaN
NaN,NaN
NaN,NaN
NaN,NaN
NaN,NaN
NaN,NaN
NaN,NaN
NaN,NaN
NaN,NaN
NaN,NaN
NaN,NaN
NaN,NaN
NaN,NaN
NaN,NaN
NaN,NaN
NaN,NaN
NaN,NaN
NaN,NaN
NaN,NaN
NaN,NaN
NaN,NaN
NaN,NaN
NaN,NaN
NaN,NaN
NaN,NaN
NaN,NaN
NaN,NaN
NaN,NaN
NaN,NaN
NaN,NaN
NaN,NaN
NaN,NaN
NaN,NaN
NaN,NaN
NaN,NaN
NaN,NaN
NaN,NaN
NaN,NaN
NaN,NaN
NaN,NaN
NaN,NaN
NaN,NaN
NaN,NaN
NaN,NaN
NaN,NaN
NaN,NaN
NaN,NaN
NaN,NaN
NaN,NaN
NaN,NaN
NaN,NaN
NaN,NaN
NaN,NaN
NaN,NaN
NaN,NaN
NaN,NaN
NaN,NaN
NaN,NaN
NaN,NaN
NaN,NaN
NaN,NaN
NaN,NaN
NaN,NaN
NaN,NaN
NaN,NaN
NaN,NaN
NaN,NaN
NaN,NaN
NaN,NaN
NaN,NaN
NaN,NaN
NaN,NaN
NaN,NaN
NaN,NaN
NaN,NaN
NaN,NaN
NaN,NaN
NaN,NaN
NaN,NaN
NaN,NaN
NaN,NaN
NaN,NaN
NaN,NaN
NaN,NaN
NaN,NaN
NaN,NaN
NaN,NaN
NaN,NaN
NaN,NaN
NaN,NaN
NaN,NaN
NaN,NaN
NaN,NaN
NaN,NaN
NaN,NaN
NaN,NaN
NaN,NaN
NaN,NaN
NaN,NaN
NaN,NaN
NaN,NaN
NaN,NaN
NaN,NaN
NaN,NaN
NaN,NaN
NaN,NaN
NaN,NaN
NaN,NaN
NaN,NaN
NaN,NaN
NaN,NaN
NaN,NaN
NaN,NaN
NaN,NaN
NaN,NaN
NaN,NaN
NaN,NaN
NaN,NaN
NaN,NaN
NaN,NaN
NaN,NaN
NaN,NaN
NaN,NaN
NaN,NaN
NaN,NaN
NaN,NaN
NaN,NaN
NaN,NaN
NaN,NaN
NaN,NaN
NaN,NaN
NaN,NaN
NaN,NaN
NaN,NaN
NaN,NaN
NaN,NaN
NaN,NaN
NaN,NaN
NaN,NaN
NaN,NaN
NaN,NaN
NaN,NaN
NaN,NaN
NaN,NaN
NaN,NaN
NaN,NaN
NaN,NaN
NaN,NaN
NaN,NaN
NaN,NaN
NaN,NaN
NaN,NaN
NaN,NaN
NaN,NaN
NaN,NaN
NaN,NaN
NaN,NaN
NaN,NaN
NaN,NaN
NaN,NaN
NaN,NaN
NaN,NaN
NaN,NaN
NaN,NaN
NaN,NaN
NaN,NaN
NaN,NaN
NaN,NaN
NaN,NaN
NaN,NaN
NaN,NaN
NaN,NaN
NaN,NaN
NaN,NaN
NaN,NaN
NaN,NaN
NaN,NaN
NaN,NaN
NaN,NaN
NaN,NaN
NaN,NaN
NaN,NaN
NaN,NaN
NaN,NaN
NaN,NaN
NaN,NaN
NaN,NaN
NaN,NaN
NaN,NaN
NaN,NaN
NaN,NaN
NaN,NaN
NaN,NaN
NaN,NaN
NaN,NaN
NaN,NaN
NaN,NaN
NaN,NaN
NaN,NaN
NaN,NaN
NaN,NaN
NaN,NaN
NaN,NaN
NaN,NaN
NaN,NaN
NaN,NaN
NaN,NaN
NaN,NaN
NaN,NaN
NaN,NaN
NaN,NaN
NaN,NaN
NaN,NaN
NaN,NaN
NaN,NaN
NaN,NaN
NaN,NaN
NaN,NaN
NaN,NaN
NaN,NaN
NaN,NaN
NaN,NaN
NaN,NaN
NaN,NaN
NaN,NaN
NaN,NaN
NaN,NaN
NaN,NaN
NaN,NaN
NaN,NaN
NaN,NaN
NaN,NaN
NaN,NaN
NaN,NaN
NaN,NaN
NaN,NaN
NaN,NaN
NaN,NaN
NaN,NaN
NaN,NaN
NaN,NaN
NaN,NaN
NaN,NaN
NaN,NaN
NaN,NaN
NaN,NaN
NaN,NaN
NaN,NaN
NaN,NaN
NaN,NaN
NaN,NaN
NaN,NaN
NaN,NaN
NaN,NaN
NaN,NaN
NaN,NaN
NaN,NaN
NaN,NaN
NaN,NaN
NaN,NaN
NaN,NaN
NaN,NaN
NaN,NaN
NaN,NaN
NaN,NaN
NaN,NaN
NaN,NaN
NaN,NaN
NaN,NaN
NaN,NaN
NaN,NaN
NaN,NaN
NaN,NaN
NaN,NaN
NaN,NaN
NaN,NaN
NaN,NaN
NaN,NaN
NaN,NaN
NaN,NaN
NaN,NaN
NaN,NaN
NaN,NaN
NaN,NaN
NaN,NaN
NaN,NaN
NaN,NaN
NaN,NaN
NaN,NaN
NaN,NaN
NaN,NaN
NaN,NaN
NaN,NaN
NaN,NaN
NaN,NaN
NaN,NaN
NaN,NaN
NaN,NaN
NaN,NaN
NaN,NaN
NaN,NaN
NaN,NaN
NaN,NaN
NaN,NaN
NaN,NaN
NaN,NaN
NaN,NaN
NaN,NaN
NaN,NaN
NaN,NaN
NaN,NaN
NaN,NaN
NaN,NaN
NaN,NaN
NaN,NaN
NaN,NaN
NaN,NaN
NaN,NaN
NaN,NaN
NaN,NaN
NaN,NaN
NaN,NaN
NaN,NaN
NaN,NaN
NaN,NaN
NaN,NaN
NaN,NaN
NaN,NaN
NaN,NaN
NaN,NaN
NaN,NaN
NaN,NaN
NaN,NaN
NaN,NaN
NaN,NaN
NaN,NaN
NaN,NaN
NaN,NaN
NaN,NaN
NaN,NaN
NaN,NaN
NaN,NaN
NaN,NaN
NaN,NaN
NaN,NaN
NaN,NaN
NaN,NaN
NaN,NaN
NaN,NaN
NaN,NaN
NaN,NaN
NaN,NaN
NaN,NaN
NaN,NaN
NaN,NaN
NaN,NaN
NaN,NaN
NaN,NaN
NaN,NaN
NaN,NaN
NaN,NaN
NaN,NaN
NaN,NaN
NaN,NaN
NaN,NaN
NaN,NaN
NaN,NaN
NaN,NaN
NaN,NaN
NaN,NaN
NaN,NaN
NaN,NaN
NaN,NaN
NaN,NaN
NaN,NaN
NaN,NaN
NaN,NaN
NaN,NaN
NaN,NaN
NaN,NaN
NaN,NaN
NaN,NaN
NaN,NaN
NaN,NaN
NaN,NaN
NaN,NaN
NaN,NaN
NaN,NaN
NaN,NaN
NaN,NaN
NaN,NaN
NaN,NaN
NaN,NaN
NaN,NaN
NaN,NaN
NaN,NaN
NaN,NaN
NaN,NaN
NaN,NaN
NaN,NaN
NaN,NaN
NaN,NaN
NaN,NaN
NaN,NaN
NaN,NaN
NaN,NaN
NaN,NaN
NaN,NaN
NaN,NaN
NaN,NaN
NaN,NaN
NaN,NaN
NaN,NaN
NaN,NaN
NaN,NaN
NaN,NaN
NaN,NaN
NaN,NaN
NaN,NaN
NaN,NaN
NaN,NaN
NaN,NaN
NaN,NaN
NaN,NaN
NaN,NaN
NaN,NaN
NaN,NaN
NaN,NaN
NaN,NaN
NaN,NaN
NaN,NaN
NaN,NaN
NaN,NaN
NaN,NaN
NaN,NaN
NaN,NaN
NaN,NaN
NaN,NaN
NaN,NaN
NaN,NaN
NaN,NaN
NaN,NaN
NaN,NaN
NaN,NaN
NaN,NaN
NaN,NaN
NaN,NaN
NaN,NaN
NaN,NaN
NaN,NaN
NaN,NaN
NaN,NaN
NaN,NaN
NaN,NaN
NaN,NaN
NaN,NaN
NaN,NaN
NaN,NaN
NaN,NaN
NaN,NaN
NaN,NaN
NaN,NaN
NaN,NaN
NaN,NaN
NaN,NaN
NaN,NaN
NaN,NaN
NaN,NaN
NaN,NaN
NaN,NaN
NaN,NaN
NaN,NaN
NaN,NaN
NaN,NaN
NaN,NaN
NaN,NaN
NaN,NaN
NaN,NaN
NaN,NaN
NaN,NaN
NaN,NaN
NaN,NaN
NaN,NaN
NaN,NaN
NaN,NaN
NaN,NaN
NaN,NaN
NaN,NaN
NaN,NaN
NaN,NaN
NaN,NaN
NaN,NaN
NaN,NaN
NaN,NaN
NaN,NaN
NaN,NaN
NaN,NaN
NaN,NaN
NaN,NaN
NaN,NaN
NaN,NaN
NaN,NaN
NaN,NaN
NaN,NaN
NaN,NaN
NaN,NaN
NaN,NaN
NaN,NaN
NaN,NaN
NaN,NaN
NaN,NaN
NaN,NaN
NaN,NaN
NaN,NaN
NaN,NaN
NaN,NaN
NaN,NaN
NaN,NaN
NaN,NaN
NaN,NaN
NaN,NaN
NaN,NaN
NaN,NaN
NaN,NaN
NaN,NaN
NaN,NaN
NaN,NaN
NaN,NaN
NaN,NaN
NaN,NaN
NaN,NaN
NaN,NaN
NaN,NaN
NaN,NaN
NaN,NaN
NaN,NaN
NaN,NaN
NaN,NaN
NaN,NaN
NaN,NaN
NaN,NaN
NaN,NaN
NaN,NaN
NaN,NaN
NaN,NaN
NaN,NaN
NaN,NaN
NaN,NaN
NaN,NaN
NaN,NaN
NaN,NaN
NaN,NaN
NaN,NaN
NaN,NaN
NaN,NaN
NaN,NaN
NaN,NaN
NaN,NaN
NaN,NaN
NaN,NaN
NaN,NaN
NaN,NaN
NaN,NaN
NaN,NaN
NaN,NaN
NaN,NaN
NaN,NaN
NaN,NaN
NaN,NaN
NaN,NaN
NaN,NaN
NaN,NaN
NaN,NaN
NaN,NaN
NaN,NaN
NaN,NaN
NaN,NaN
NaN,NaN
NaN,NaN
NaN,NaN
NaN,NaN
NaN,NaN
NaN,NaN
NaN,NaN
NaN,NaN
NaN,NaN
NaN,NaN
NaN,NaN
NaN,NaN
NaN,NaN
NaN,NaN
NaN,NaN
NaN,NaN
NaN,NaN
NaN,NaN
NaN,NaN
NaN,NaN
NaN,NaN
NaN,NaN
NaN,NaN
NaN,NaN
NaN,NaN
NaN,NaN
NaN,NaN
NaN,NaN
NaN,NaN
NaN,NaN
NaN,NaN
NaN,NaN
NaN,NaN
NaN,NaN
NaN,NaN
NaN,NaN
NaN,NaN
NaN,NaN
NaN,NaN
NaN,NaN
NaN,NaN
NaN,NaN
NaN,NaN
NaN,NaN
NaN,NaN
NaN,NaN
NaN,NaN
NaN,NaN
NaN,NaN
NaN,NaN
NaN,NaN
NaN,NaN
NaN,NaN
NaN,NaN
NaN,NaN
NaN,NaN
NaN,NaN
NaN,NaN
NaN,NaN
NaN,NaN
NaN,NaN
NaN,NaN
NaN,NaN
NaN,NaN
NaN,NaN
NaN,NaN
NaN,NaN
NaN,NaN
NaN,NaN
NaN,NaN
NaN,NaN
NaN,NaN
NaN,NaN
NaN,NaN
NaN,NaN
NaN,NaN
NaN,NaN
NaN,NaN
NaN,NaN
NaN,NaN
NaN,NaN
NaN,NaN
NaN,NaN
NaN,NaN
NaN,NaN
NaN,NaN
NaN,NaN
NaN,NaN
NaN,NaN
NaN,NaN
NaN,NaN
NaN,NaN
NaN,NaN
NaN,NaN
NaN,NaN
NaN,NaN
NaN,NaN
NaN,NaN
NaN,NaN
NaN,NaN
NaN,NaN
NaN,NaN
NaN,NaN
NaN,NaN
NaN,NaN
NaN,NaN
NaN,NaN
NaN,NaN
NaN,NaN
NaN,NaN
NaN,NaN
NaN,NaN
NaN,NaN
NaN,NaN
NaN,NaN
NaN,NaN
NaN,NaN
NaN,NaN
NaN,NaN
NaN,NaN
NaN,NaN
NaN,NaN
NaN,NaN
NaN,NaN
NaN,NaN
NaN,NaN
NaN,NaN
NaN,NaN
NaN,NaN
NaN,NaN
NaN,NaN
NaN,NaN
NaN,NaN
NaN,NaN
NaN,NaN
NaN,NaN
NaN,NaN
NaN,NaN
NaN,NaN
NaN,NaN
NaN,NaN
NaN,NaN
NaN,NaN
NaN,NaN
NaN,NaN
NaN,NaN
NaN,NaN
NaN,NaN
NaN,NaN
NaN,NaN
NaN,NaN
NaN,NaN
NaN,NaN
NaN,NaN
NaN,NaN
NaN,NaN
NaN,NaN
NaN,NaN
NaN,NaN
NaN,NaN
NaN,NaN
NaN,NaN
NaN,NaN
NaN,NaN
NaN,NaN
NaN,NaN
NaN,NaN
NaN,NaN
NaN,NaN
NaN,NaN
NaN,NaN
NaN,NaN
NaN,NaN
NaN,NaN
NaN,NaN
NaN,NaN
NaN,NaN
NaN,NaN
NaN,NaN
NaN,NaN
NaN,NaN
NaN,NaN
NaN,NaN
NaN,NaN
NaN,NaN
NaN,NaN
NaN,NaN
NaN,NaN
NaN,NaN
NaN,NaN
NaN,NaN
NaN,NaN
NaN,NaN
NaN,NaN
NaN,NaN
NaN,NaN
NaN,NaN
NaN,NaN
NaN,NaN
NaN,NaN
NaN,NaN
NaN,NaN
NaN,NaN
NaN,NaN
NaN,NaN
NaN,NaN
NaN,NaN
NaN,NaN
NaN,NaN
NaN,NaN
NaN,NaN
NaN,NaN
NaN,NaN
NaN,NaN
NaN,NaN
NaN,NaN
NaN,NaN
NaN,NaN
NaN,NaN
NaN,NaN
NaN,NaN
NaN,NaN
NaN,NaN
NaN,NaN
NaN,NaN
NaN,NaN
NaN,NaN
NaN,NaN
NaN,NaN
NaN,NaN
NaN,NaN
NaN,NaN
NaN,NaN
NaN,NaN
NaN,NaN
NaN,NaN
NaN,NaN
NaN,NaN
NaN,NaN
NaN,NaN
NaN,NaN
NaN,NaN
NaN,NaN
NaN,NaN
NaN,NaN
NaN,NaN
NaN,NaN
NaN,NaN
NaN,NaN
NaN,NaN
NaN,NaN
NaN,NaN
NaN,NaN
NaN,NaN
NaN,NaN
NaN,NaN
NaN,NaN
NaN,NaN
NaN,NaN
NaN,NaN
NaN,NaN
NaN,NaN
NaN,NaN
NaN,NaN
NaN,NaN
NaN,NaN
NaN,NaN
NaN,NaN
NaN,NaN
NaN,NaN
NaN,NaN
NaN,NaN
NaN,NaN
NaN,NaN
NaN,NaN
NaN,NaN
NaN,NaN
NaN,NaN
NaN,NaN
NaN,NaN
NaN,NaN
NaN,NaN
NaN,NaN
NaN,NaN
NaN,NaN
NaN,NaN
NaN,NaN
NaN,NaN
NaN,NaN
NaN,NaN
NaN,NaN
NaN,NaN
NaN,NaN
NaN,NaN
NaN,NaN
NaN,NaN
NaN,NaN
NaN,NaN
NaN,NaN
NaN,NaN
NaN,NaN
NaN,NaN
NaN,NaN
NaN,NaN
NaN,NaN
NaN,NaN
NaN,NaN
NaN,NaN
NaN,NaN
NaN,NaN
NaN,NaN
NaN,NaN
NaN,NaN
NaN,NaN
NaN,NaN
NaN,NaN
NaN,NaN
NaN,NaN
NaN,NaN
NaN,NaN
NaN,NaN
NaN,NaN
NaN,NaN
NaN,NaN
NaN,NaN
NaN,NaN
NaN,NaN
NaN,NaN
NaN,NaN
NaN,NaN
NaN,NaN
NaN,NaN
NaN,NaN
NaN,NaN
NaN,NaN
NaN,NaN
NaN,NaN
NaN,NaN
NaN,NaN
NaN,NaN
NaN,NaN
NaN,NaN
NaN,NaN
NaN,NaN
NaN,NaN
NaN,NaN
NaN,NaN
NaN,NaN
NaN,NaN
NaN,NaN
NaN,NaN
NaN,NaN
NaN,NaN
NaN,NaN
NaN,NaN
NaN,NaN
NaN,NaN
NaN,NaN
NaN,NaN
NaN,NaN
NaN,NaN
NaN,NaN
NaN,NaN
NaN,NaN
NaN,NaN
NaN,NaN
NaN,NaN
NaN,NaN
NaN,NaN
NaN,NaN
NaN,NaN
NaN,NaN
NaN,NaN
NaN,NaN
NaN,NaN
NaN,NaN
NaN,NaN
NaN,NaN
NaN,NaN
NaN,NaN
NaN,NaN
NaN,NaN
NaN,NaN
NaN,NaN
NaN,NaN
NaN,NaN
NaN,NaN
NaN,NaN
NaN,NaN
NaN,NaN
NaN,NaN
NaN,NaN
NaN,NaN
NaN,NaN
NaN,NaN
NaN,NaN
NaN,NaN
NaN,NaN
NaN,NaN
NaN,NaN
NaN,NaN
NaN,NaN
NaN,NaN
NaN,NaN
NaN,NaN
NaN,NaN
NaN,NaN
NaN,NaN
NaN,NaN
NaN,NaN
NaN,NaN
NaN,NaN
NaN,NaN
NaN,NaN
NaN,NaN
NaN,NaN
NaN,NaN
NaN,NaN
NaN,NaN
NaN,NaN
NaN,NaN
NaN,NaN
NaN,NaN
NaN,NaN
NaN,NaN
NaN,NaN
NaN,NaN
NaN,NaN
NaN,NaN
NaN,NaN
NaN,NaN
NaN,NaN
NaN,NaN
NaN,NaN
NaN,NaN
NaN,NaN
NaN,NaN
NaN,NaN
NaN,NaN
NaN,NaN
NaN,NaN
NaN,NaN
NaN,NaN
NaN,NaN
NaN,NaN
NaN,NaN
NaN,NaN
NaN,NaN
NaN,NaN
NaN,NaN
NaN,NaN
NaN,NaN
NaN,NaN
NaN,NaN
NaN,NaN
NaN,NaN
NaN,NaN
NaN,NaN
NaN,NaN
NaN,NaN
NaN,NaN
NaN,NaN
NaN,NaN
NaN,NaN
NaN,NaN
NaN,NaN
NaN,NaN
NaN,NaN
NaN,NaN
NaN,NaN
NaN,NaN
NaN,NaN
NaN,NaN
NaN,NaN
NaN,NaN
NaN,NaN
NaN,NaN
NaN,NaN
NaN,NaN
NaN,NaN
NaN,NaN
NaN,NaN
NaN,NaN
NaN,NaN
NaN,NaN
NaN,NaN
NaN,NaN
NaN,NaN
NaN,NaN
NaN,NaN
NaN,NaN
NaN,NaN
NaN,NaN
NaN,NaN
NaN,NaN
NaN,NaN
NaN,NaN
NaN,NaN
NaN,NaN
NaN,NaN
NaN,NaN
NaN,NaN
NaN,NaN
NaN,NaN
NaN,NaN
NaN,NaN
NaN,NaN
NaN,NaN
NaN,NaN
NaN,NaN
NaN,NaN
NaN,NaN
NaN,NaN
NaN,NaN
NaN,NaN
NaN,NaN
NaN,NaN
NaN,NaN
NaN,NaN
NaN,NaN
NaN,NaN
NaN,NaN
NaN,NaN
NaN,NaN
NaN,NaN
NaN,NaN
NaN,NaN
NaN,NaN
NaN,NaN
NaN,NaN
NaN,NaN
NaN,NaN
NaN,NaN
NaN,NaN
NaN,NaN
NaN,NaN
NaN,NaN
NaN,NaN
NaN,NaN
NaN,NaN
NaN,NaN
NaN,NaN
NaN,NaN
NaN,NaN
NaN,NaN
NaN,NaN
NaN,NaN
NaN,NaN
NaN,NaN
NaN,NaN
NaN,NaN
NaN,NaN
NaN,NaN
NaN,NaN
NaN,NaN
NaN,NaN
NaN,NaN
NaN,NaN
NaN,NaN
NaN,NaN
NaN,NaN
NaN,NaN
NaN,NaN
NaN,NaN
NaN,NaN
NaN,NaN
NaN,NaN
NaN,NaN
NaN,NaN
NaN,NaN
NaN,NaN
NaN,NaN
NaN,NaN
NaN,NaN
NaN,NaN
NaN,NaN
NaN,NaN
NaN,NaN
NaN,NaN
NaN,NaN
NaN,NaN
NaN,NaN
NaN,NaN
NaN,NaN
NaN,NaN
NaN,NaN
NaN,NaN
NaN,NaN
NaN,NaN
NaN,NaN
NaN,NaN
NaN,NaN
NaN,NaN
NaN,NaN
NaN,NaN
NaN,NaN
NaN,NaN
NaN,NaN
NaN,NaN
NaN,NaN
NaN,NaN
NaN,NaN
NaN,NaN
NaN,NaN
NaN,NaN
NaN,NaN
NaN,NaN
NaN,NaN
NaN,NaN
NaN,NaN
NaN,NaN
NaN,NaN
NaN,NaN
NaN,NaN
NaN,NaN
NaN,NaN
NaN,NaN
NaN,NaN
NaN,NaN
NaN,NaN
NaN,NaN
NaN,NaN
NaN,NaN
NaN,NaN
NaN,NaN
NaN,NaN
NaN,NaN
NaN,NaN
NaN,NaN
NaN,NaN
NaN,NaN
NaN,NaN
NaN,NaN
NaN,NaN
NaN,NaN
NaN,NaN
NaN,NaN
NaN,NaN
NaN,NaN
NaN,NaN
NaN,NaN
NaN,NaN
NaN,NaN
NaN,NaN
NaN,NaN
NaN,NaN
NaN,NaN
NaN,NaN
NaN,NaN
NaN,NaN
NaN,NaN
NaN,NaN
NaN,NaN
NaN,NaN
NaN,NaN
NaN,NaN
NaN,NaN
NaN,NaN
NaN,NaN
NaN,NaN
NaN,NaN
NaN,NaN
NaN,NaN
NaN,NaN
NaN,NaN
NaN,NaN
NaN,NaN
NaN,NaN
NaN,NaN
NaN,NaN
NaN,NaN
NaN,NaN
NaN,NaN
NaN,NaN
NaN,NaN
NaN,NaN
NaN,NaN
NaN,NaN
NaN,NaN
NaN,NaN
NaN,NaN
NaN,NaN
NaN,NaN
NaN,NaN
NaN,NaN
NaN,NaN
NaN,NaN
NaN,NaN
NaN,NaN
NaN,NaN
NaN,NaN
NaN,NaN
NaN,NaN
NaN,NaN
NaN,NaN
NaN,NaN
NaN,NaN
NaN,NaN
NaN,NaN
NaN,NaN
NaN,NaN
NaN,NaN
NaN,NaN
NaN,NaN
NaN,NaN
NaN,NaN
NaN,NaN
NaN,NaN
NaN,NaN
NaN,NaN
NaN,NaN
NaN,NaN
NaN,NaN
NaN,NaN
NaN,NaN
NaN,NaN
NaN,NaN
NaN,NaN
NaN,NaN
NaN,NaN
NaN,NaN
NaN,NaN
NaN,NaN
NaN,NaN
NaN,NaN
NaN,NaN
NaN,NaN
NaN,NaN
NaN,NaN
NaN,NaN
NaN,NaN
NaN,NaN
NaN,NaN
NaN,NaN
NaN,NaN
NaN,NaN
NaN,NaN
NaN,NaN
NaN,NaN
NaN,NaN
NaN,NaN
NaN,NaN
NaN,NaN
NaN,NaN
NaN,NaN
NaN,NaN
NaN,NaN
NaN,NaN
NaN,NaN
NaN,NaN
NaN,NaN
NaN,NaN
NaN,NaN
NaN,NaN
NaN,NaN
NaN,NaN
NaN,NaN
NaN,NaN
NaN,NaN
NaN,NaN
NaN,NaN
NaN,NaN
NaN,NaN
NaN,NaN
NaN,NaN
NaN,NaN
NaN,NaN
NaN,NaN
NaN,NaN
NaN,NaN
NaN,NaN
NaN,NaN
NaN,NaN
NaN,NaN
NaN,NaN
NaN,NaN
NaN,NaN
NaN,NaN
NaN,NaN
NaN,NaN
NaN,NaN
NaN,NaN
NaN,NaN
NaN,NaN
NaN,NaN
NaN,NaN
NaN,NaN
NaN,NaN
NaN,NaN
NaN,NaN
NaN,NaN
NaN,NaN
NaN,NaN
NaN,NaN
NaN,NaN
NaN,NaN
NaN,NaN
NaN,NaN
NaN,NaN
NaN,NaN
NaN,NaN
NaN,NaN
NaN,NaN
NaN,NaN
NaN,NaN
NaN,NaN
NaN,NaN
NaN,NaN
NaN,NaN
NaN,NaN
NaN,NaN
NaN,NaN
NaN,NaN
NaN,NaN
NaN,NaN
NaN,NaN
NaN,NaN
NaN,NaN
NaN,NaN
NaN,NaN
NaN,NaN
NaN,NaN
NaN,NaN
NaN,NaN
NaN,NaN
NaN,NaN
NaN,NaN
NaN,NaN
NaN,NaN
NaN,NaN
NaN,NaN
NaN,NaN
NaN,NaN
NaN,NaN
NaN,NaN
NaN,NaN
NaN,NaN
NaN,NaN
NaN,NaN
NaN,NaN
NaN,NaN
NaN,NaN
NaN,NaN
NaN,NaN
NaN,NaN
NaN,NaN
NaN,NaN
NaN,NaN
NaN,NaN
NaN,NaN
NaN,NaN
NaN,NaN
NaN,NaN
NaN,NaN
NaN,NaN
NaN,NaN
NaN,NaN
NaN,NaN
NaN,NaN
NaN,NaN
NaN,NaN
NaN,NaN
NaN,NaN
NaN,NaN
NaN,NaN
NaN,NaN
NaN,NaN
NaN,NaN
NaN,NaN
NaN,NaN
NaN,NaN
NaN,NaN
NaN,NaN
NaN,NaN
NaN,NaN
NaN,NaN
NaN,NaN
NaN,NaN
NaN,NaN
NaN,NaN
NaN,NaN
NaN,NaN
NaN,NaN
NaN,NaN
NaN,NaN
NaN,NaN
NaN,NaN
NaN,NaN
NaN,NaN
NaN,NaN
NaN,NaN
NaN,NaN
NaN,NaN
NaN,NaN
NaN,NaN
NaN,NaN
NaN,NaN
NaN,NaN
NaN,NaN
NaN,NaN
NaN,NaN
NaN,NaN
NaN,NaN
NaN,NaN
NaN,NaN
NaN,NaN
NaN,NaN
NaN,NaN
NaN,NaN
NaN,NaN
NaN,NaN
NaN,NaN
NaN,NaN
NaN,NaN
NaN,NaN
NaN,NaN
NaN,NaN
NaN,NaN
NaN,NaN
NaN,NaN
NaN,NaN
NaN,NaN
NaN,NaN
NaN,NaN
NaN,NaN
NaN,NaN
NaN,NaN
NaN,NaN
NaN,NaN
NaN,NaN
NaN,NaN
NaN,NaN
NaN,NaN
NaN,NaN
NaN,NaN
NaN,NaN
NaN,NaN
NaN,NaN
NaN,NaN
NaN,NaN
NaN,NaN
NaN,NaN
NaN,NaN
NaN,NaN
NaN,NaN
NaN,NaN
NaN,NaN
NaN,NaN
NaN,NaN
NaN,NaN
NaN,NaN
NaN,NaN
NaN,NaN
NaN,NaN
NaN,NaN
NaN,NaN
NaN,NaN
NaN,NaN
NaN,NaN
NaN,NaN
NaN,NaN
NaN,NaN
NaN,NaN
NaN,NaN
NaN,NaN
NaN,NaN
NaN,NaN
NaN,NaN
NaN,NaN
NaN,NaN
NaN,NaN
NaN,NaN
NaN,NaN
NaN,NaN
NaN,NaN
NaN,NaN
NaN,NaN
NaN,NaN
NaN,NaN
NaN,NaN
NaN,NaN
NaN,NaN
NaN,NaN
NaN,NaN
NaN,NaN
NaN,NaN
NaN,NaN
NaN,NaN
NaN,NaN
NaN,NaN
NaN,NaN
NaN,NaN
NaN,NaN
NaN,NaN
NaN,NaN
NaN,NaN
NaN,NaN
NaN,NaN
NaN,NaN
NaN,NaN
NaN,NaN
NaN,NaN
NaN,NaN
NaN,NaN
NaN,NaN
NaN,NaN
NaN,NaN
NaN,NaN
NaN,NaN
NaN,NaN
NaN,NaN
NaN,NaN
NaN,NaN
NaN,NaN
NaN,NaN
NaN,NaN
NaN,NaN
NaN,NaN
NaN,NaN
NaN,NaN
NaN,NaN
NaN,NaN
NaN,NaN
NaN,NaN
NaN,NaN
NaN,NaN
NaN,NaN
NaN,NaN
NaN,NaN
NaN,NaN
NaN,NaN
NaN,NaN
NaN,NaN
NaN,NaN
NaN,NaN
NaN,NaN
NaN,NaN
NaN,NaN
NaN,NaN
NaN,NaN
NaN,NaN
NaN,NaN
NaN,NaN
NaN,NaN
NaN,NaN
NaN,NaN
NaN,NaN
NaN,NaN
NaN,NaN
NaN,NaN
NaN,NaN
NaN,NaN
NaN,NaN
NaN,NaN
NaN,NaN
NaN,NaN
NaN,NaN
NaN,NaN
NaN,NaN
NaN,NaN
NaN,NaN
NaN,NaN
NaN,NaN
NaN,NaN
NaN,NaN
NaN,NaN
NaN,NaN
NaN,NaN
NaN,NaN
NaN,NaN
NaN,NaN
NaN,NaN
NaN,NaN
NaN,NaN
NaN,NaN
NaN,NaN
NaN,NaN
NaN,NaN
NaN,NaN
NaN,NaN
NaN,NaN
NaN,NaN
NaN,NaN
NaN,NaN
NaN,NaN
NaN,NaN
NaN,NaN
NaN,NaN
NaN,NaN
NaN,NaN
NaN,NaN
NaN,NaN
NaN,NaN
NaN,NaN
NaN,NaN
NaN,NaN
NaN,NaN
NaN,NaN
NaN,NaN
NaN,NaN
NaN,NaN
NaN,NaN
NaN,NaN
NaN,NaN
NaN,NaN
NaN,NaN
NaN,NaN
NaN,NaN
NaN,NaN
NaN,NaN
NaN,NaN
NaN,NaN
NaN,NaN
NaN,NaN
NaN,NaN
NaN,NaN
NaN,NaN
NaN,NaN
NaN,NaN
NaN,NaN
NaN,NaN
NaN,NaN
NaN,NaN
NaN,NaN
NaN,NaN
NaN,NaN
NaN,NaN
NaN,NaN
NaN,NaN
NaN,NaN
NaN,NaN
NaN,NaN
NaN,NaN
NaN,NaN
NaN,NaN
NaN,NaN
NaN,NaN
NaN,NaN
NaN,NaN
NaN,NaN
NaN,NaN
NaN,NaN
NaN,NaN
NaN,NaN
NaN,NaN
NaN,NaN
NaN,NaN
NaN,NaN
NaN,NaN
NaN,NaN
NaN,NaN
NaN,NaN
NaN,NaN
NaN,NaN
NaN,NaN
NaN,NaN
NaN,NaN
NaN,NaN
NaN,NaN
NaN,NaN
NaN,NaN
NaN,NaN
NaN,NaN
NaN,NaN
NaN,NaN
NaN,NaN
NaN,NaN
NaN,NaN
NaN,NaN
NaN,NaN
NaN,NaN
NaN,NaN
NaN,NaN
NaN,NaN
NaN,NaN
NaN,NaN
NaN,NaN
NaN,NaN
NaN,NaN
NaN,NaN
NaN,NaN
NaN,NaN
NaN,NaN
NaN,NaN
0.0,-218.0
0.0,-218.0
0.0,-218.0
0.0,-218.0
0.0,-218.0
0.0,-218.0
0.0,-218.0
0.0,-218.0
0.0,-218.0
0.0,-218.0
0.0,-218.0
0.0,-218.0
0.0,-218.0
0.0,-218.0
0.0,-218.0
0.0,-218.0
0.0,-218.0
0.0,-218.0
0.0,-218.0
0.0,-218.0
0.0,-218.0
0.0,-218.0
0.0,-218.0
0.0,-218.0
0.0,-218.0
0.0,-218.0
0.0,-218.0
0.0,-218.0
0.0,-218.0
0.0,-218.0
0.0,-218.0
0.0,-218.0
0.0,-218.0
0.0,-218.0
0.0,-218.0
0.0,-218.0
0.0,-218.0
0.0,-218.0
0.0,-218.0
0.0,-218.0
0.0,-218.0
0.0,-218.0
0.0,-218.0
0.0,-218.0
0.0,-218.0
0.0,-218.0
0.0,-218.0
0.0,-218.0
0.0,-218.0
0.0,-218.0
0.0,-218.0
0.0,-218.0
0.0,-218.0
0.0,-218.0
0.0,-218.0
0.0,-218.0
0.0,-218.0
0.0,-218.0
0.0,-218.0
0.0,-218.0
0.0,-218.0
0.0,-218.0
0.0,-218.0
0.0,-218.0
0.0,-218.0
0.0,-218.0
0.0,-218.0
0.0,-218.0
0.0,-218.0
0.0,-218.0
0.0,-218.0
0.0,-218.0
0.0,-218.0
0.0,-218.0
0.0,-218.0
0.0,-218.0
0.0,-218.0
0.0,-218.0
0.0,-218.0
0.0,-218.0
0.0,-218.0
0.0,-218.0
0.0,-218.0
0.0,-218.0
0.0,-218.0
0.0,-218.0
0.0,-218.0
0.0,-218.0
0.0,-218.0
0.0,-218.0
0.0,-218.0
0.0,-218.0
0.0,-218.0
0.0,-218.0
0.0,-218.0
0.0,-218.0
0.0,-218.0
0.0,-218.0
0.0,-218.0
0.0,-218.0
0.0,-218.0
0.0,-218.0
0.0,-218.0
0.0,-218.0
0.0,-218.0
0.0,-218.0
0.0,-218.0
0.0,-218.0
0.0,-218.0
0.0,-218.0
0.0,-218.0
0.0,-218.0
0.0,-218.0
0.0,-218.0
0.0,-218.0
0.0,-218.0
0.0,-218.0
0.0,-218.0
0.0,-218.0
0.0,-218.0
0.0,-218.0
0.0,-218.0
0.0,-218.0
0.0,-218.0
0.0,-218.0
0.0,-218.0
0.0,-218.0
0.0,-218.0
0.0,-218.0
0.0,-218.0
0.0,-218.0
0.0,-218.0
0.0,-218.0
0.0,-218.0
0.0,-218.0
0.0,-218.0
0.0,-218.0
0.0,-218.0
0.0,-218.0
0.0,-218.0
0.0,-218.0
0.0,-218.0
0.0,-218.0
0.0,-218.0
0.0,-218.0
0.0,-218.0
0.0,-218.0
0.0,-218.0
0.0,-218.0
0.0,-218.0
0.0,-218.0
0.0,-218.0
0.0,-218.0
0.0,-218.0
0.0,-218.0
0.0,-218.0
0.0,-218.0
0.0,-218.0
0.0,-218.0
0.0,-218.0
0.0,-218.0
0.0,-218.0
0.0,-218.0
0.0,-218.0
0.0,-218.0
0.0,-218.0
0.0,-218.0
0.0,-218.0
0.0,-218.0
0.0,-218.0
0.0,-218.0
0.0,-218.0
0.0,-218.0
0.0,-218.0
0.0,-218.0
0.0,-218.0
0.0,-218.0
0.0,-218.0
0.0,-218.0
0.0,-218.0
0.0,-218.0
0.0,-218.0
0.0,-218.0
0.0,-218.0
0.0,-218.0
0.0,-218.0
0.0,-218.0
0.0,-218.0
0.0,-218.0
0.0,-218.0
0.0,-218.0
0.0,-218.0
0.0,-218.0
0.0,-218.0
0.0,-218.0
0.0,-218.0
0.0,-218.0
0.0,-218.0
0.0,-218.0
0.0,-218.0
0.0,-218.0
0.0,-218.0
0.0,-218.0
0.0,-218.0
0.0,-218.0
0.0,-218.0
0.0,-218.0
0.0,-218.0
0.0,-218.0
0.0,-218.0
0.0,-218.0
0.0,-218.0
0.0,-218.0
0.0,-218.0
0.0,-218.0
0.0,-218.0
0.0,-218.0
0.0,-218.0
0.0,-218.0
0.0,-218.0
0.0,-218.0
0.0,-218.0
0.0,-218.0
0.0,-218.0
0.0,-218.0
0.0,-218.0
0.0,-218.0
0.0,-218.0
0.0,-218.0
0.0,-218.0
0.0,-218.0
0.0,-218.0
0.0,-218.0
0.0,-218.0
0.0,-218.0
0.0,-218.0
0.0,-218.0
0.0,-218.0
0.0,-218.0
0.0,-218.0
0.0,-218.0
0.0,-218.0
0.0,-218.0
0.0,-218.0
0.0,-218.0
0.0,-218.0
0.0,-218.0
0.0,-218.0
0.0,-218.0
0.0,-218.0
0.0,-218.0
0.0,-218.0
0.0,-218.0
0.0,-218.0
0.0,-218.0
0.0,-218.0
0.0,-218.0
0.0,-218.0
0.0,-218.0
0.0,-218.0
0.0,-218.0
0.0,-218.0
0.0,-218.0
0.0,-218.0
0.0,-218.0
0.0,-218.0
0.0,-218.0
0.0,-218.0
0.0,-218.0
0.0,-218.0
0.0,-218.0
0.0,-218.0
0.0,-218.0
0.0,-218.0
0.0,-218.0
0.0,-218.0
0.0,-218.0
0.0,-218.0
0.0,-218.0
0.0,-218.0
0.0,-218.0
0.0,-218.0
0.0,-218.0
0.0,-218.0
0.0,-218.0
0.0,-218.0
0.0,-218.0
0.0,-218.0
0.0,-218.0
0.0,-218.0
0.0,-218.0
0.0,-218.0
0.0,-218.0
0.0,-218.0
0.0,-218.0
0.0,-218.0
0.0,-218.0
0.0,-218.0
0.0,-218.0
0.0,-218.0
0.0,-218.0
0.0,-218.0
0.0,-218.0
0.0,-218.0
0.0,-218.0
0.0,-218.0
0.0,-218.0
0.0,-218.0
0.0,-218.0
0.0,-218.0
0.0,-218.0
0.0,-218.0
0.0,-218.0
0.0,-218.0
0.0,-218.0
0.0,-218.0
0.0,-218.0
0.0,-218.0
0.0,-218.0
0.0,-218.0
0.0,-218.0
0.0,-218.0
NaN,-218.0
NaN,-218.0
NaN,NaN
NaN,NaN
NaN,NaN
NaN,NaN
NaN,NaN
NaN,NaN
NaN,NaN
NaN,NaN
NaN,NaN
NaN,NaN
NaN,NaN
NaN,NaN
NaN,NaN
NaN,NaN
NaN,NaN
NaN,NaN
NaN,NaN
NaN,NaN
NaN,NaN
NaN,NaN
NaN,NaN
NaN,NaN
NaN,NaN
NaN,NaN
NaN,NaN
NaN,NaN
NaN,NaN
NaN,NaN
NaN,NaN
NaN,NaN
NaN,NaN
NaN,NaN
NaN,NaN
NaN,NaN
NaN,NaN
NaN,NaN
NaN,NaN
NaN,NaN
NaN,NaN
NaN,NaN
NaN,NaN
NaN,NaN
NaN,NaN
NaN,NaN
NaN,NaN
NaN,NaN
NaN,NaN
NaN,NaN
NaN,NaN
NaN,NaN
NaN,NaN
NaN,NaN
NaN,NaN
NaN,NaN
NaN,NaN
NaN,NaN
NaN,NaN
NaN,NaN
NaN,NaN
NaN,NaN
NaN,NaN
NaN,NaN
NaN,NaN
NaN,NaN
NaN,NaN
NaN,NaN
NaN,NaN
NaN,NaN
NaN,NaN
NaN,NaN
NaN,NaN
NaN,NaN
NaN,NaN
NaN,NaN
NaN,NaN
NaN,NaN
NaN,NaN
NaN,NaN
NaN,NaN
NaN,NaN
NaN,NaN
NaN,NaN
NaN,NaN
NaN,NaN
NaN,NaN
NaN,NaN
NaN,NaN
NaN,NaN
NaN,NaN
NaN,NaN
NaN,NaN
NaN,NaN
NaN,NaN
NaN,NaN
NaN,NaN
NaN,NaN
NaN,NaN
NaN,NaN
NaN,NaN
NaN,NaN
NaN,NaN
NaN,NaN
NaN,NaN
NaN,NaN
NaN,NaN
NaN,NaN
NaN,NaN
NaN,NaN
NaN,NaN
NaN,NaN
NaN,NaN
NaN,NaN
NaN,NaN
NaN,NaN
NaN,NaN
NaN,NaN
NaN,NaN
NaN,NaN
NaN,NaN
NaN,NaN
NaN,NaN
NaN,NaN
NaN,NaN
NaN,NaN
NaN,NaN
NaN,NaN
NaN,NaN
NaN,NaN
NaN,NaN
NaN,NaN
NaN,NaN
NaN,NaN
NaN,NaN
NaN,NaN
NaN,NaN
NaN,NaN
NaN,NaN
NaN,NaN
NaN,NaN
NaN,NaN
NaN,NaN
NaN,NaN
NaN,NaN
NaN,NaN
NaN,NaN
NaN,NaN
NaN,NaN
NaN,NaN
NaN,NaN
NaN,NaN
NaN,NaN
NaN,NaN
NaN,NaN
NaN,NaN
NaN,NaN
NaN,NaN
NaN,NaN
NaN,NaN
NaN,NaN
NaN,NaN
NaN,NaN
NaN,NaN
NaN,NaN
NaN,NaN
NaN,NaN
NaN,NaN
NaN,NaN
NaN,NaN
NaN,NaN
NaN,NaN
NaN,NaN
NaN,NaN
NaN,NaN
NaN,NaN
NaN,NaN
NaN,NaN
NaN,NaN
NaN,NaN
NaN,NaN
NaN,NaN
NaN,NaN
NaN,NaN
NaN,NaN
NaN,NaN
NaN,NaN
NaN,NaN
NaN,NaN
NaN,NaN
NaN,NaN
NaN,NaN
NaN,NaN
NaN,NaN
NaN,NaN
NaN,NaN
NaN,NaN
NaN,NaN
NaN,NaN
NaN,NaN
NaN,NaN
NaN,NaN
NaN,NaN
NaN,NaN
NaN,NaN
NaN,NaN
NaN,NaN
NaN,NaN
NaN,NaN
NaN,NaN
NaN,NaN
NaN,NaN
NaN,NaN
NaN,NaN
NaN,NaN
NaN,NaN
NaN,NaN
NaN,NaN
NaN,NaN
NaN,NaN
NaN,NaN
NaN,NaN
NaN,NaN
NaN,NaN
NaN,NaN
NaN,NaN
NaN,NaN
NaN,NaN
NaN,NaN
NaN,NaN
NaN,NaN
NaN,NaN
NaN,NaN
NaN,NaN
NaN,NaN
NaN,NaN
NaN,NaN
NaN,NaN
NaN,NaN
NaN,NaN
NaN,NaN
NaN,NaN
NaN,NaN
NaN,NaN
NaN,NaN
NaN,NaN
NaN,NaN
NaN,NaN
NaN,NaN
NaN,NaN
NaN,NaN
NaN,NaN
NaN,NaN
NaN,NaN
NaN,NaN
NaN,NaN
NaN,NaN
NaN,NaN
NaN,NaN
NaN,NaN
NaN,NaN
NaN,NaN
NaN,NaN
NaN,NaN
NaN,NaN
NaN,NaN
NaN,NaN
NaN,NaN
NaN,NaN
NaN,NaN
NaN,NaN
NaN,NaN
NaN,NaN
NaN,NaN
NaN,NaN
NaN,NaN
NaN,NaN
NaN,NaN
NaN,NaN
NaN,NaN
NaN,NaN
NaN,NaN
NaN,NaN
NaN,NaN
NaN,NaN
NaN,NaN
NaN,NaN
NaN,NaN
NaN,NaN
NaN,NaN
NaN,NaN
NaN,NaN
NaN,NaN
NaN,NaN
NaN,NaN
NaN,NaN
NaN,NaN
NaN,NaN
NaN,NaN
NaN,NaN
NaN,NaN
NaN,NaN
NaN,NaN
NaN,NaN
NaN,NaN
NaN,NaN
NaN,NaN
NaN,NaN
NaN,NaN
NaN,NaN
NaN,NaN
NaN,NaN
NaN,NaN
NaN,NaN
NaN,NaN
NaN,NaN
NaN,NaN
NaN,NaN
NaN,NaN
NaN,NaN
NaN,NaN
NaN,NaN
NaN,NaN
NaN,NaN
NaN,NaN
NaN,NaN
NaN,NaN
NaN,NaN
NaN,NaN
NaN,NaN
NaN,NaN
NaN,NaN
NaN,NaN
NaN,NaN
NaN,NaN
NaN,NaN
NaN,NaN
NaN,NaN
NaN,NaN
NaN,NaN
NaN,NaN
NaN,NaN
NaN,NaN
NaN,NaN
NaN,NaN
NaN,NaN
NaN,NaN
NaN,NaN
NaN,NaN
NaN,NaN
NaN,NaN
NaN,NaN
NaN,NaN
NaN,NaN
NaN,NaN
NaN,NaN
NaN,NaN
NaN,NaN
NaN,NaN
NaN,NaN
NaN,NaN
NaN,NaN
NaN,NaN
NaN,NaN
NaN,NaN
NaN,NaN
NaN,NaN
NaN,NaN
NaN,NaN
NaN,NaN
NaN,NaN
NaN,NaN
NaN,NaN
NaN,NaN
NaN,NaN
NaN,NaN
NaN,NaN
NaN,NaN
NaN,NaN
NaN,NaN
NaN,NaN
NaN,NaN
NaN,NaN
NaN,NaN
NaN,NaN
NaN,NaN
NaN,NaN
NaN,NaN
NaN,NaN
NaN,NaN
NaN,NaN
NaN,NaN
NaN,NaN
NaN,NaN
NaN,NaN
NaN,NaN
NaN,NaN
NaN,NaN
NaN,NaN
NaN,NaN
NaN,NaN
NaN,NaN
NaN,NaN
NaN,NaN
NaN,NaN
NaN,NaN
NaN,NaN
NaN,NaN
NaN,NaN
NaN,NaN
NaN,NaN
NaN,NaN
NaN,NaN
NaN,NaN
NaN,NaN
NaN,NaN
NaN,NaN
NaN,NaN
NaN,NaN
NaN,NaN
NaN,NaN
NaN,NaN
NaN,NaN
NaN,NaN
NaN,NaN
NaN,NaN
NaN,NaN
NaN,NaN
NaN,NaN
NaN,NaN
NaN,NaN
NaN,NaN
NaN,NaN
NaN,NaN
NaN,NaN
NaN,NaN
NaN,NaN
NaN,NaN
NaN,NaN
NaN,NaN
NaN,NaN
NaN,NaN
NaN,NaN
NaN,NaN
NaN,NaN
NaN,NaN
NaN,NaN
NaN,NaN
NaN,NaN
NaN,NaN
NaN,NaN
NaN,NaN
NaN,NaN
NaN,NaN
NaN,NaN
NaN,NaN
NaN,NaN
NaN,NaN
NaN,NaN
NaN,NaN
NaN,NaN
NaN,NaN
NaN,NaN
NaN,NaN
NaN,NaN
NaN,NaN
NaN,NaN
NaN,NaN
NaN,NaN
NaN,NaN
NaN,NaN
NaN,NaN
NaN,NaN
NaN,NaN
NaN,NaN
NaN,NaN
NaN,NaN
NaN,NaN
NaN,NaN
NaN,NaN
NaN,NaN
NaN,NaN
NaN,NaN
NaN,NaN
NaN,NaN
NaN,NaN
NaN,NaN
NaN,NaN
NaN,NaN
NaN,NaN
NaN,NaN
NaN,NaN
NaN,NaN
NaN,NaN
NaN,NaN
NaN,NaN
NaN,NaN
NaN,NaN
NaN,NaN
NaN,NaN
NaN,NaN
NaN,NaN
NaN,NaN
NaN,NaN
NaN,NaN
NaN,NaN
NaN,NaN
NaN,NaN
NaN,NaN
NaN,NaN
NaN,NaN
NaN,NaN
NaN,NaN
NaN,NaN
NaN,NaN
NaN,NaN
NaN,NaN
NaN,NaN
NaN,NaN
NaN,NaN
NaN,NaN
NaN,NaN
NaN,NaN
NaN,NaN
NaN,NaN
NaN,NaN
NaN,NaN
NaN,NaN
NaN,NaN
NaN,NaN
NaN,NaN
NaN,NaN
NaN,NaN
NaN,NaN
NaN,NaN
NaN,NaN
NaN,NaN
NaN,NaN
NaN,NaN
NaN,NaN
NaN,NaN
NaN,NaN
NaN,NaN
NaN,NaN
NaN,NaN
NaN,NaN
NaN,NaN
NaN,NaN
NaN,NaN
NaN,NaN
NaN,NaN
NaN,NaN
NaN,NaN
NaN,NaN
NaN,NaN
NaN,NaN
NaN,NaN
NaN,NaN
NaN,NaN
NaN,NaN
NaN,NaN
NaN,NaN
NaN,NaN
NaN,NaN
NaN,NaN
NaN,NaN
NaN,NaN
NaN,NaN
NaN,NaN
NaN,NaN
NaN,NaN
NaN,NaN
NaN,NaN
NaN,NaN
NaN,NaN
NaN,NaN
NaN,NaN
NaN,NaN
NaN,NaN
NaN,NaN
NaN,NaN
NaN,NaN
NaN,NaN
NaN,NaN
NaN,NaN
NaN,NaN
NaN,NaN
NaN,NaN
NaN,NaN
NaN,NaN
NaN,NaN
NaN,NaN
NaN,NaN
NaN,NaN
NaN,NaN
NaN,NaN
NaN,NaN
NaN,NaN
NaN,NaN
NaN,NaN
NaN,NaN
NaN,NaN
NaN,NaN
NaN,NaN
NaN,NaN
NaN,NaN
NaN,NaN
NaN,NaN
NaN,NaN
NaN,NaN
NaN,NaN
NaN,NaN
NaN,NaN
NaN,NaN
NaN,NaN
NaN,NaN
NaN,NaN
NaN,NaN
NaN,NaN
NaN,NaN
NaN,NaN
NaN,NaN
NaN,NaN
NaN,NaN
NaN,NaN
NaN,NaN
NaN,NaN
NaN,NaN
NaN,NaN
NaN,NaN
NaN,NaN
NaN,NaN
NaN,NaN
NaN,NaN
NaN,NaN
NaN,NaN
NaN,NaN
NaN,NaN
NaN,NaN
NaN,NaN
NaN,NaN
NaN,NaN
NaN,NaN
NaN,NaN
NaN,NaN
NaN,NaN
NaN,NaN
NaN,NaN
NaN,NaN
NaN,NaN
NaN,NaN
NaN,NaN
NaN,NaN
NaN,NaN
NaN,NaN
NaN,NaN
NaN,NaN
NaN,NaN
NaN,NaN
NaN,NaN
NaN,NaN
NaN,NaN
NaN,NaN
NaN,NaN
NaN,NaN
NaN,NaN
NaN,NaN
NaN,NaN
NaN,NaN
NaN,NaN
NaN,NaN
NaN,NaN
NaN,NaN
NaN,NaN
NaN,NaN
NaN,NaN
NaN,NaN
NaN,NaN
NaN,NaN
NaN,NaN
NaN,NaN
NaN,NaN
NaN,NaN
NaN,NaN
NaN,NaN
NaN,NaN
NaN,NaN
NaN,NaN
NaN,NaN
NaN,NaN
NaN,NaN
NaN,NaN
NaN,NaN
NaN,NaN
NaN,NaN
NaN,NaN
NaN,NaN
NaN,NaN
NaN,NaN
NaN,NaN
NaN,NaN
NaN,NaN
NaN,NaN
NaN,NaN
NaN,NaN
NaN,NaN
NaN,NaN
NaN,NaN
NaN,NaN
NaN,NaN
NaN,NaN
NaN,NaN
NaN,NaN
NaN,NaN
NaN,NaN
NaN,NaN
NaN,NaN
NaN,NaN
NaN,NaN
NaN,NaN
NaN,NaN
NaN,NaN
NaN,NaN
NaN,NaN
NaN,NaN
NaN,NaN
NaN,NaN
NaN,NaN
NaN,NaN
NaN,NaN
NaN,NaN
NaN,NaN
NaN,NaN
NaN,NaN
NaN,NaN
NaN,NaN
NaN,NaN
NaN,NaN
NaN,NaN
NaN,NaN
NaN,NaN
NaN,NaN
NaN,NaN
NaN,NaN
NaN,NaN
NaN,NaN
NaN,NaN
NaN,NaN
NaN,NaN
NaN,NaN
NaN,NaN
NaN,NaN
NaN,NaN
NaN,NaN
NaN,NaN
NaN,NaN
NaN,NaN
NaN,NaN
NaN,NaN
NaN,NaN
NaN,NaN
NaN,NaN
NaN,NaN
NaN,NaN
NaN,NaN
NaN,NaN
NaN,NaN
NaN,NaN
NaN,NaN
NaN,NaN
NaN,NaN
NaN,NaN
NaN,NaN
NaN,NaN
NaN,NaN
NaN,NaN
NaN,NaN
NaN,NaN
NaN,NaN
NaN,NaN
NaN,NaN
NaN,NaN
NaN,NaN
NaN,NaN
NaN,NaN
NaN,NaN
NaN,NaN
NaN,NaN
NaN,NaN
NaN,NaN
NaN,NaN
NaN,NaN
NaN,NaN
NaN,NaN
NaN,NaN
NaN,NaN
NaN,NaN
NaN,NaN
NaN,NaN
NaN,NaN
NaN,NaN
NaN,NaN
NaN,NaN
NaN,NaN
NaN,NaN
NaN,NaN
NaN,NaN
NaN,NaN
NaN,NaN
NaN,NaN
NaN,NaN
NaN,NaN
NaN,NaN
NaN,NaN
NaN,NaN
NaN,NaN
NaN,NaN
NaN,NaN
NaN,NaN
NaN,NaN
NaN,NaN
NaN,NaN
NaN,NaN
NaN,NaN
NaN,NaN
NaN,NaN
NaN,NaN
NaN,NaN
NaN,NaN
NaN,NaN
NaN,NaN
NaN,NaN
NaN,NaN
NaN,NaN
NaN,NaN
NaN,NaN
NaN,NaN
NaN,NaN
NaN,NaN
NaN,NaN
NaN,NaN
NaN,NaN
NaN,NaN
NaN,NaN
NaN,NaN
NaN,NaN
NaN,NaN
NaN,NaN
NaN,NaN
NaN,NaN
NaN,NaN
NaN,NaN
NaN,NaN
NaN,NaN
NaN,NaN
NaN,NaN
NaN,NaN
NaN,NaN
NaN,NaN
NaN,NaN
NaN,NaN
NaN,NaN
NaN,NaN
NaN,NaN
NaN,NaN
NaN,NaN
NaN,NaN
NaN,NaN
NaN,NaN
NaN,NaN
NaN,NaN
NaN,NaN
NaN,NaN
NaN,NaN
NaN,NaN
NaN,NaN
NaN,NaN
NaN,NaN
NaN,NaN
NaN,NaN
NaN,NaN
NaN,NaN
NaN,NaN
NaN,NaN
NaN,NaN
NaN,NaN
NaN,NaN
NaN,NaN
NaN,NaN
NaN,NaN
NaN,NaN
NaN,NaN
NaN,NaN
NaN,NaN
NaN,NaN
NaN,NaN
NaN,NaN
NaN,NaN
NaN,NaN
NaN,NaN
NaN,NaN
NaN,NaN
NaN,NaN
NaN,NaN
NaN,NaN
NaN,NaN
NaN,NaN
NaN,NaN
NaN,NaN
NaN,NaN
NaN,NaN
NaN,NaN
NaN,NaN
NaN,NaN
NaN,NaN
NaN,NaN
NaN,NaN
NaN,NaN
NaN,NaN
NaN,NaN
NaN,NaN
NaN,NaN
NaN,NaN
NaN,NaN
NaN,NaN
NaN,NaN
NaN,NaN
NaN,NaN
NaN,NaN
NaN,NaN
NaN,NaN
NaN,NaN
NaN,NaN
NaN,NaN
NaN,NaN
NaN,NaN
NaN,NaN
NaN,NaN
NaN,NaN
NaN,NaN
NaN,NaN
NaN,NaN
NaN,NaN
NaN,NaN
NaN,NaN
NaN,NaN
NaN,NaN
NaN,NaN
NaN,NaN
NaN,NaN
NaN,NaN
NaN,NaN
NaN,NaN
NaN,NaN
NaN,NaN
NaN,NaN
NaN,NaN
NaN,NaN
NaN,NaN
NaN,NaN
NaN,NaN
NaN,NaN
NaN,NaN
NaN,NaN
NaN,NaN
NaN,NaN
NaN,NaN
NaN,NaN
NaN,NaN
NaN,NaN
NaN,NaN
NaN,NaN
NaN,NaN
NaN,NaN
NaN,NaN
NaN,NaN
NaN,NaN
NaN,NaN
NaN,NaN
NaN,NaN
NaN,NaN
NaN,NaN
NaN,NaN
NaN,NaN
NaN,NaN
NaN,NaN
NaN,NaN
NaN,NaN
NaN,NaN
NaN,NaN
NaN,NaN
NaN,NaN
NaN,NaN
NaN,NaN
NaN,NaN
NaN,NaN
NaN,NaN
NaN,NaN
NaN,NaN
NaN,NaN
NaN,NaN
NaN,NaN
NaN,NaN
NaN,NaN
NaN,NaN
NaN,NaN
NaN,NaN
NaN,NaN
NaN,NaN
NaN,NaN
NaN,NaN
NaN,NaN
NaN,NaN
NaN,NaN
NaN,NaN
NaN,NaN
NaN,NaN
NaN,NaN
NaN,NaN
NaN,NaN
NaN,NaN
NaN,NaN
NaN,NaN
NaN,NaN
NaN,NaN
NaN,NaN
NaN,NaN
NaN,NaN
NaN,NaN
NaN,NaN
NaN,NaN
NaN,NaN
NaN,NaN
NaN,NaN
NaN,NaN
NaN,NaN
NaN,NaN
NaN,NaN
NaN,NaN
NaN,NaN
NaN,NaN
NaN,NaN
NaN,NaN
NaN,NaN
NaN,NaN
NaN,NaN
NaN,NaN
NaN,NaN
NaN,NaN
NaN,NaN
NaN,NaN
NaN,NaN
NaN,NaN
NaN,NaN
NaN,NaN
NaN,NaN
NaN,NaN
NaN,NaN
NaN,NaN
NaN,NaN
NaN,NaN
NaN,NaN
NaN,NaN
NaN,NaN
NaN,NaN
NaN,NaN
NaN,NaN
NaN,NaN
NaN,NaN
NaN,NaN
NaN,NaN
NaN,NaN
NaN,NaN
NaN,NaN
NaN,NaN
NaN,NaN
NaN,NaN
NaN,NaN
NaN,NaN
NaN,NaN
NaN,NaN
NaN,NaN
NaN,NaN
NaN,NaN
NaN,NaN
NaN,NaN
NaN,NaN
NaN,NaN
NaN,NaN
NaN,NaN
NaN,NaN
NaN,NaN
NaN,NaN
NaN,NaN
NaN,NaN
NaN,NaN
NaN,NaN
NaN,NaN
NaN,NaN
NaN,NaN
NaN,NaN
NaN,NaN
NaN,NaN
NaN,NaN
NaN,NaN
NaN,NaN
NaN,NaN
NaN,NaN
NaN,NaN
NaN,NaN
NaN,NaN
NaN,NaN
NaN,NaN
NaN,NaN
NaN,NaN
NaN,NaN
NaN,NaN
NaN,NaN
NaN,NaN
NaN,NaN
NaN,NaN
NaN,NaN
NaN,NaN
NaN,NaN
NaN,NaN
NaN,NaN
NaN,NaN
NaN,NaN
NaN,NaN
NaN,NaN
NaN,NaN
NaN,NaN
NaN,NaN
NaN,NaN
NaN,NaN
NaN,NaN
NaN,NaN
NaN,NaN
NaN,NaN
NaN,NaN
NaN,NaN
NaN,NaN
NaN,NaN
NaN,NaN
NaN,NaN
NaN,NaN
NaN,NaN
NaN,NaN
NaN,NaN
NaN,NaN
NaN,NaN
NaN,NaN
NaN,NaN
NaN,NaN
NaN,NaN
NaN,NaN
NaN,NaN
NaN,NaN
NaN,NaN
NaN,NaN
NaN,NaN
NaN,NaN
NaN,NaN
NaN,NaN
NaN,NaN
NaN,NaN
NaN,NaN
NaN,NaN
NaN,NaN
NaN,NaN
NaN,NaN
NaN,NaN
NaN,NaN
NaN,NaN
NaN,NaN
NaN,NaN
NaN,NaN
NaN,NaN
NaN,NaN
NaN,NaN
NaN,NaN
NaN,NaN
NaN,NaN
NaN,NaN
NaN,NaN
NaN,NaN
NaN,NaN
NaN,NaN
NaN,NaN
NaN,NaN
NaN,NaN
NaN,NaN
NaN,NaN
NaN,NaN
NaN,NaN
NaN,NaN
NaN,NaN
NaN,NaN
NaN,NaN
NaN,NaN
NaN,NaN
NaN,NaN
NaN,NaN
NaN,NaN
NaN,NaN
NaN,NaN
NaN,NaN
NaN,NaN
NaN,NaN
NaN,NaN
NaN,NaN
NaN,NaN
NaN,NaN
NaN,NaN
NaN,NaN
NaN,NaN
NaN,NaN
NaN,NaN
NaN,NaN
NaN,NaN
NaN,NaN
NaN,NaN
NaN,NaN
NaN,NaN
NaN,NaN
NaN,NaN
NaN,NaN
NaN,NaN
NaN,NaN
NaN,NaN
NaN,NaN
NaN,NaN
NaN,NaN
NaN,NaN
NaN,NaN
NaN,NaN
NaN,NaN
NaN,NaN
NaN,NaN
NaN,NaN
NaN,NaN
NaN,NaN
NaN,NaN
NaN,NaN
NaN,NaN
NaN,NaN
NaN,NaN
NaN,NaN
NaN,NaN
NaN,NaN
NaN,NaN
NaN,NaN
NaN,NaN
NaN,NaN
NaN,NaN
NaN,NaN
NaN,NaN
NaN,NaN
NaN,NaN
NaN,NaN
NaN,NaN
NaN,NaN
NaN,NaN
NaN,NaN
NaN,NaN
NaN,NaN
NaN,NaN
NaN,NaN
NaN,NaN
NaN,NaN
NaN,NaN
NaN,NaN
NaN,NaN
NaN,NaN
NaN,NaN
NaN,NaN
NaN,NaN
NaN,NaN
NaN,NaN
NaN,NaN
NaN,NaN
NaN,NaN
NaN,NaN
NaN,NaN
NaN,NaN
NaN,NaN
NaN,NaN
NaN,NaN
NaN,NaN
NaN,NaN
NaN,NaN
NaN,NaN
NaN,NaN
NaN,NaN
NaN,NaN
NaN,NaN
NaN,NaN
NaN,NaN
NaN,NaN
NaN,NaN
NaN,NaN
NaN,NaN
NaN,NaN
NaN,NaN
NaN,NaN
NaN,NaN
NaN,NaN
NaN,NaN
NaN,NaN
NaN,NaN
NaN,NaN
NaN,NaN
NaN,NaN
NaN,NaN
NaN,NaN
NaN,NaN
NaN,NaN
NaN,NaN
NaN,NaN
NaN,NaN
NaN,NaN
NaN,NaN
NaN,NaN
NaN,NaN
NaN,NaN
NaN,NaN
NaN,NaN
NaN,NaN
NaN,NaN
NaN,NaN
NaN,NaN
NaN,NaN
NaN,NaN
NaN,NaN
NaN,NaN
NaN,NaN
NaN,NaN
NaN,NaN
NaN,NaN
NaN,NaN
NaN,NaN
NaN,NaN
NaN,NaN
NaN,NaN
NaN,NaN
NaN,NaN
NaN,NaN
NaN,NaN
NaN,NaN
NaN,NaN
NaN,NaN
NaN,NaN
NaN,NaN
NaN,NaN
NaN,NaN
NaN,NaN
NaN,NaN
NaN,NaN
NaN,NaN
NaN,NaN
NaN,NaN
NaN,NaN
NaN,NaN
NaN,NaN
NaN,NaN
NaN,NaN
NaN,NaN
NaN,NaN
NaN,NaN
NaN,NaN
NaN,NaN
NaN,NaN
NaN,NaN
NaN,NaN
NaN,NaN
NaN,NaN
NaN,NaN
NaN,NaN
NaN,NaN
NaN,NaN
NaN,NaN
NaN,NaN
NaN,NaN
NaN,NaN
NaN,NaN
NaN,NaN
NaN,NaN
NaN,NaN
NaN,NaN
NaN,NaN
NaN,NaN
NaN,NaN
NaN,NaN
NaN,NaN
NaN,NaN
NaN,NaN
NaN,NaN
NaN,NaN
NaN,NaN
NaN,NaN
NaN,NaN
NaN,NaN
NaN,NaN
NaN,NaN
NaN,NaN
NaN,NaN
NaN,NaN
NaN,NaN
NaN,NaN
NaN,NaN
NaN,NaN
NaN,NaN
NaN,NaN
NaN,NaN
NaN,NaN
NaN,NaN
NaN,NaN
NaN,NaN
NaN,NaN
NaN,NaN
NaN,NaN
NaN,NaN
NaN,NaN
NaN,NaN
NaN,NaN
NaN,NaN
NaN,NaN
NaN,NaN
NaN,NaN
NaN,NaN
NaN,NaN
NaN,NaN
NaN,NaN
NaN,NaN
NaN,NaN
NaN,NaN
NaN,NaN
NaN,NaN
NaN,NaN
NaN,NaN
NaN,NaN
NaN,NaN
NaN,NaN
NaN,NaN
NaN,NaN
NaN,NaN
NaN,NaN
NaN,NaN
NaN,NaN
NaN,NaN
NaN,NaN
NaN,NaN
NaN,NaN
NaN,NaN
NaN,NaN
NaN,NaN
NaN,NaN
NaN,NaN
NaN,NaN
NaN,NaN
NaN,NaN
NaN,NaN
NaN,NaN
NaN,NaN
NaN,NaN
NaN,NaN
NaN,NaN
NaN,NaN
NaN,NaN
NaN,NaN
NaN,NaN
NaN,NaN
NaN,NaN
NaN,NaN
NaN,NaN
NaN,NaN
NaN,NaN
NaN,NaN
NaN,NaN
NaN,NaN
NaN,NaN
NaN,NaN
NaN,NaN
NaN,NaN
NaN,NaN
NaN,NaN
NaN,NaN
NaN,NaN
NaN,NaN
NaN,NaN
NaN,NaN
NaN,NaN
NaN,NaN
NaN,NaN
NaN,NaN
NaN,NaN
NaN,NaN
NaN,NaN
NaN,NaN
NaN,NaN
NaN,NaN
NaN,NaN
NaN,NaN
NaN,NaN
NaN,NaN
NaN,NaN
NaN,NaN
NaN,NaN
NaN,NaN
NaN,NaN
NaN,NaN
NaN,NaN
NaN,NaN
NaN,NaN
NaN,NaN
NaN,NaN
NaN,NaN
NaN,NaN
NaN,NaN
NaN,NaN
NaN,NaN
NaN,NaN
NaN,NaN
NaN,NaN
NaN,NaN
NaN,NaN
NaN,NaN
NaN,NaN
NaN,NaN
NaN,NaN
NaN,NaN
NaN,NaN
NaN,NaN
NaN,NaN
NaN,NaN
NaN,NaN
NaN,NaN
NaN,NaN
NaN,NaN
NaN,NaN
NaN,NaN
NaN,NaN
NaN,NaN
NaN,NaN
NaN,NaN
NaN,NaN
NaN,NaN
NaN,NaN
NaN,NaN
NaN,NaN
NaN,NaN
NaN,NaN
NaN,NaN
NaN,NaN
NaN,NaN
NaN,NaN
NaN,NaN
NaN,NaN
NaN,NaN
NaN,NaN
NaN,NaN
NaN,NaN
NaN,NaN
NaN,NaN
NaN,NaN
NaN,NaN
NaN,NaN
NaN,NaN
NaN,NaN
NaN,NaN
NaN,NaN
NaN,NaN
NaN,NaN
NaN,NaN
NaN,NaN
NaN,NaN
NaN,NaN
NaN,NaN
NaN,NaN
NaN,NaN
NaN,NaN
NaN,NaN
NaN,NaN
NaN,NaN
NaN,NaN
NaN,NaN
NaN,NaN
NaN,NaN
NaN,NaN
NaN,NaN
NaN,NaN
NaN,NaN
NaN,NaN
NaN,NaN
NaN,NaN
NaN,NaN
NaN,NaN
NaN,NaN
NaN,NaN
NaN,NaN
NaN,NaN
NaN,NaN
NaN,NaN
NaN,NaN
NaN,NaN
NaN,NaN
NaN,NaN
NaN,NaN
NaN,NaN
NaN,NaN
NaN,NaN
NaN,NaN
NaN,NaN
NaN,NaN
NaN,NaN
NaN,NaN
NaN,NaN
NaN,NaN
NaN,NaN
NaN,NaN
NaN,NaN
NaN,NaN
NaN,NaN
NaN,NaN
NaN,NaN
NaN,NaN
NaN,NaN
NaN,NaN
NaN,NaN
NaN,NaN
NaN,NaN
NaN,NaN
NaN,NaN
NaN,NaN
NaN,NaN
NaN,NaN
NaN,NaN
NaN,NaN
NaN,NaN
NaN,NaN
NaN,NaN
NaN,NaN
NaN,NaN
NaN,NaN
NaN,NaN
NaN,NaN
NaN,NaN
NaN,NaN
NaN,NaN
NaN,NaN
NaN,NaN
NaN,NaN
NaN,NaN
NaN,NaN
NaN,NaN
NaN,NaN
NaN,NaN
NaN,NaN
NaN,NaN
NaN,NaN
NaN,NaN
NaN,NaN
NaN,NaN
NaN,NaN
NaN,NaN
NaN,NaN
NaN,NaN
NaN,NaN
NaN,NaN
NaN,NaN
NaN,NaN
NaN,NaN
NaN,NaN
NaN,NaN
NaN,NaN
NaN,NaN
NaN,NaN
NaN,NaN
NaN,NaN
NaN,NaN
NaN,NaN
NaN,NaN
NaN,NaN
NaN,NaN
NaN,NaN
NaN,NaN
NaN,NaN
NaN,NaN
NaN,NaN
NaN,NaN
NaN,NaN
NaN,NaN
NaN,NaN
NaN,NaN
NaN,NaN
NaN,NaN
NaN,NaN
NaN,NaN
NaN,NaN
NaN,NaN
NaN,NaN
NaN,NaN
NaN,NaN
NaN,NaN
NaN,NaN
NaN,NaN
NaN,NaN
NaN,NaN
NaN,NaN
NaN,NaN
NaN,NaN
NaN,NaN
NaN,NaN
NaN,NaN
NaN,NaN
NaN,NaN
NaN,NaN
NaN,NaN
NaN,NaN
NaN,NaN
NaN,NaN
NaN,NaN
NaN,NaN
NaN,NaN
NaN,NaN
NaN,NaN
NaN,NaN
NaN,NaN
NaN,NaN
NaN,NaN
NaN,NaN
NaN,NaN
NaN,NaN
NaN,NaN
NaN,NaN
NaN,NaN
NaN,NaN
NaN,NaN
NaN,NaN
NaN,NaN
NaN,NaN
NaN,NaN
NaN,NaN
NaN,NaN
NaN,NaN
NaN,NaN
NaN,NaN
NaN,NaN
NaN,NaN
NaN,NaN
NaN,NaN
NaN,NaN
NaN,NaN
NaN,NaN
NaN,NaN
NaN,NaN
NaN,NaN
NaN,NaN
NaN,NaN
NaN,NaN
NaN,NaN
NaN,NaN
NaN,NaN
NaN,NaN
NaN,NaN
NaN,NaN
NaN,NaN
NaN,NaN
NaN,NaN
NaN,NaN
NaN,NaN
NaN,NaN
NaN,NaN
NaN,NaN
NaN,NaN
NaN,NaN
NaN,NaN
NaN,NaN
NaN,NaN
NaN,NaN
NaN,NaN
NaN,NaN
NaN,NaN
NaN,NaN
NaN,NaN
NaN,NaN
NaN,NaN
NaN,NaN
NaN,NaN
NaN,NaN
NaN,NaN
NaN,NaN
NaN,NaN
NaN,NaN
NaN,NaN
NaN,NaN
NaN,NaN
NaN,NaN
NaN,NaN
NaN,NaN
NaN,NaN
NaN,NaN
NaN,NaN
NaN,NaN
NaN,NaN
NaN,NaN
NaN,NaN
NaN,NaN
NaN,NaN
NaN,NaN
NaN,NaN
NaN,NaN
NaN,NaN
NaN,NaN
NaN,NaN
NaN,NaN
NaN,NaN
NaN,NaN
NaN,NaN
NaN,NaN
NaN,NaN
NaN,NaN
NaN,NaN
NaN,NaN
NaN,NaN
NaN,NaN
NaN,NaN
NaN,NaN
NaN,NaN
NaN,NaN
NaN,NaN
NaN,NaN
NaN,NaN
NaN,NaN
NaN,NaN
NaN,NaN
NaN,NaN
NaN,NaN
NaN,NaN
NaN,NaN
NaN,NaN
NaN,NaN
NaN,NaN
NaN,NaN
NaN,NaN
NaN,NaN
NaN,NaN
NaN,NaN
NaN,NaN
NaN,NaN
NaN,NaN
NaN,NaN
NaN,NaN
NaN,NaN
NaN,NaN
NaN,NaN
NaN,NaN
NaN,NaN
NaN,NaN
NaN,NaN
NaN,NaN
NaN,NaN
NaN,NaN
NaN,NaN
NaN,NaN
NaN,NaN
NaN,NaN
NaN,NaN
NaN,NaN
NaN,NaN
NaN,NaN
NaN,NaN
NaN,NaN
NaN,NaN
NaN,NaN
NaN,NaN
NaN,NaN
NaN,NaN
NaN,NaN
NaN,NaN
NaN,NaN
NaN,NaN
NaN,NaN
NaN,NaN
NaN,NaN
NaN,NaN
NaN,NaN
NaN,NaN
NaN,NaN
NaN,NaN
NaN,NaN
NaN,NaN
NaN,NaN
NaN,NaN
NaN,NaN
NaN,NaN
NaN,NaN
NaN,NaN
NaN,NaN
NaN,NaN
NaN,NaN
NaN,NaN
NaN,NaN
NaN,NaN
NaN,NaN
NaN,NaN
NaN,NaN
NaN,NaN
NaN,NaN
NaN,NaN
NaN,NaN
NaN,NaN
NaN,NaN
NaN,NaN
NaN,NaN
NaN,NaN
NaN,NaN
NaN,NaN
NaN,NaN
NaN,NaN
NaN,NaN
NaN,NaN
NaN,NaN
NaN,NaN
NaN,NaN
NaN,NaN
NaN,NaN
NaN,NaN
NaN,NaN
NaN,NaN
NaN,NaN
NaN,NaN
NaN,NaN
NaN,NaN
NaN,NaN
NaN,NaN
NaN,NaN
NaN,NaN
NaN,NaN
NaN,NaN
NaN,NaN
NaN,NaN
NaN,NaN
NaN,NaN
NaN,NaN
NaN,NaN
NaN,NaN
NaN,NaN
NaN,NaN
NaN,NaN
NaN,NaN
NaN,NaN
NaN,NaN
NaN,NaN
NaN,NaN
NaN,NaN
NaN,NaN
NaN,NaN
NaN,NaN
NaN,NaN
NaN,NaN
NaN,NaN
NaN,NaN
NaN,NaN
NaN,NaN
NaN,NaN
NaN,NaN
NaN,NaN
NaN,NaN
NaN,NaN
NaN,NaN
NaN,NaN
NaN,NaN
NaN,NaN
NaN,NaN
NaN,NaN
NaN,NaN
NaN,NaN
NaN,NaN
NaN,NaN
NaN,NaN
NaN,NaN
NaN,NaN
NaN,NaN
NaN,NaN
NaN,NaN
NaN,NaN
NaN,NaN
NaN,NaN
NaN,NaN
NaN,NaN
NaN,NaN
NaN,NaN
NaN,NaN
NaN,NaN
NaN,NaN
NaN,NaN
NaN,NaN
NaN,NaN
NaN,NaN
NaN,NaN
NaN,NaN
NaN,NaN
NaN,NaN
NaN,NaN
NaN,NaN
NaN,NaN
NaN,NaN
NaN,NaN
NaN,NaN
NaN,NaN
NaN,NaN
NaN,NaN
NaN,NaN
NaN,NaN
NaN,NaN
NaN,NaN
NaN,NaN
NaN,NaN
NaN,NaN
NaN,NaN
NaN,NaN
NaN,NaN
NaN,NaN
NaN,NaN
NaN,NaN
NaN,NaN
NaN,NaN
NaN,NaN
NaN,NaN
NaN,NaN
NaN,NaN
NaN,NaN
NaN,NaN
NaN,NaN
NaN,NaN
NaN,NaN
NaN,NaN
NaN,NaN
NaN,NaN
NaN,NaN
NaN,NaN
NaN,NaN
NaN,NaN
NaN,NaN
NaN,NaN
NaN,NaN
NaN,NaN
NaN,NaN
NaN,NaN
NaN,NaN
NaN,NaN
NaN,NaN
NaN,NaN
NaN,NaN
NaN,NaN
NaN,NaN
NaN,NaN
NaN,NaN
NaN,NaN
NaN,NaN
NaN,NaN
NaN,NaN
NaN,NaN
NaN,NaN
NaN,NaN
NaN,NaN
NaN,NaN
NaN,NaN
NaN,NaN
NaN,NaN
NaN,NaN
NaN,NaN
NaN,NaN
NaN,NaN
NaN,NaN
NaN,NaN
NaN,NaN
NaN,NaN
NaN,NaN
NaN,NaN
NaN,NaN
NaN,NaN
NaN,NaN
NaN,NaN
NaN,NaN
NaN,NaN
NaN,NaN
NaN,NaN
NaN,NaN
NaN,NaN
NaN,NaN
NaN,NaN
NaN,NaN
NaN,NaN
NaN,NaN
NaN,NaN
NaN,NaN
NaN,NaN
NaN,NaN
NaN,NaN
NaN,NaN
NaN,NaN
NaN,NaN
NaN,NaN
NaN,NaN
NaN,NaN
NaN,NaN
NaN,NaN
NaN,NaN
NaN,NaN
NaN,NaN
NaN,NaN
NaN,NaN
NaN,NaN
NaN,NaN
NaN,NaN
NaN,NaN
NaN,NaN
NaN,NaN
NaN,NaN
NaN,NaN
NaN,NaN
NaN,NaN
NaN,NaN
NaN,NaN
NaN,NaN
NaN,NaN
NaN,NaN
NaN,NaN
NaN,NaN
NaN,NaN
NaN,NaN
NaN,NaN
NaN,NaN
NaN,NaN
NaN,NaN
NaN,NaN
NaN,NaN
NaN,NaN
NaN,NaN
NaN,NaN
NaN,NaN
NaN,NaN
NaN,NaN
NaN,NaN
NaN,NaN
NaN,NaN
NaN,NaN
NaN,NaN
NaN,NaN
NaN,NaN
NaN,NaN
NaN,NaN
NaN,NaN
NaN,NaN
NaN,NaN
NaN,NaN
NaN,NaN
NaN,NaN
NaN,NaN
NaN,NaN
NaN,NaN
NaN,NaN
NaN,NaN
NaN,NaN
NaN,NaN
NaN,NaN
NaN,NaN
NaN,NaN
NaN,NaN
NaN,NaN
NaN,NaN
NaN,NaN
NaN,NaN
NaN,NaN
NaN,NaN
NaN,NaN
NaN,NaN
NaN,NaN
NaN,NaN
NaN,NaN
NaN,NaN
NaN,NaN
NaN,NaN
NaN,NaN
NaN,NaN
NaN,NaN
NaN,NaN
NaN,NaN
NaN,NaN
NaN,NaN
NaN,NaN
NaN,NaN
NaN,NaN
NaN,NaN
NaN,NaN
NaN,NaN
NaN,NaN
NaN,NaN
NaN,NaN
NaN,NaN
NaN,NaN
NaN,NaN
NaN,NaN
NaN,NaN
NaN,NaN
NaN,NaN
NaN,NaN
NaN,NaN
NaN,NaN
NaN,NaN
NaN,NaN
NaN,NaN
NaN,NaN
NaN,NaN
NaN,NaN
NaN,NaN
NaN,NaN
NaN,NaN
NaN,NaN
NaN,NaN
NaN,NaN
NaN,NaN
NaN,NaN
NaN,NaN
NaN,NaN
NaN,NaN
NaN,NaN
NaN,NaN
NaN,NaN
NaN,NaN
NaN,NaN
NaN,NaN
NaN,NaN
NaN,NaN
NaN,NaN
NaN,NaN
NaN,NaN
NaN,NaN
NaN,NaN
NaN,NaN
NaN,NaN
NaN,NaN
NaN,NaN
NaN,NaN
NaN,NaN
NaN,NaN
NaN,NaN
NaN,NaN
NaN,NaN
NaN,NaN
NaN,NaN
NaN,NaN
NaN,NaN
NaN,NaN
NaN,NaN
NaN,NaN
NaN,NaN
NaN,NaN
NaN,NaN
NaN,NaN
NaN,NaN
NaN,NaN
NaN,NaN
NaN,NaN
NaN,NaN
NaN,NaN
NaN,NaN
NaN,NaN
NaN,NaN
NaN,NaN
NaN,NaN
NaN,NaN
NaN,NaN
NaN,NaN
NaN,NaN
NaN,NaN
NaN,NaN
NaN,NaN
NaN,NaN
NaN,NaN
NaN,NaN
NaN,NaN
NaN,NaN
NaN,NaN
NaN,NaN
NaN,NaN
NaN,NaN
NaN,NaN
NaN,NaN
NaN,NaN
NaN,NaN
NaN,NaN
NaN,NaN
NaN,NaN
NaN,NaN
NaN,NaN
NaN,NaN
NaN,NaN
NaN,NaN
NaN,NaN
NaN,NaN
NaN,NaN
NaN,NaN
NaN,NaN
NaN,NaN
NaN,NaN
NaN,NaN
NaN,NaN
NaN,NaN
NaN,NaN
NaN,NaN
NaN,NaN
NaN,NaN
NaN,NaN
NaN,NaN
NaN,NaN
NaN,NaN
NaN,NaN
NaN,NaN
NaN,NaN
NaN,NaN
NaN,NaN
NaN,NaN
NaN,NaN
NaN,NaN
NaN,NaN
NaN,NaN
NaN,NaN
NaN,NaN
NaN,NaN
NaN,NaN
NaN,NaN
NaN,NaN
NaN,NaN
NaN,NaN
NaN,NaN
NaN,NaN
NaN,NaN
NaN,NaN
NaN,NaN
NaN,NaN
NaN,NaN
NaN,NaN
NaN,NaN
NaN,NaN
NaN,NaN
NaN,NaN
NaN,NaN
NaN,NaN
NaN,NaN
NaN,NaN
NaN,NaN
NaN,NaN
NaN,NaN
NaN,NaN
NaN,NaN
NaN,NaN
NaN,NaN
NaN,NaN
NaN,NaN
NaN,NaN
NaN,NaN
NaN,NaN
NaN,NaN
NaN,NaN
NaN,NaN
NaN,NaN
NaN,NaN
NaN,NaN
NaN,NaN
NaN,NaN
NaN,NaN
NaN,NaN
NaN,NaN
NaN,NaN
NaN,NaN
NaN,NaN
NaN,NaN
NaN,NaN
NaN,NaN
NaN,NaN
NaN,NaN
NaN,NaN
NaN,NaN
NaN,NaN
NaN,NaN
NaN,NaN
NaN,NaN
NaN,NaN
NaN,NaN
NaN,NaN
NaN,NaN
NaN,NaN
NaN,NaN
NaN,NaN
NaN,NaN
NaN,NaN
NaN,NaN
NaN,NaN
NaN,NaN
NaN,NaN
NaN,NaN
NaN,NaN
NaN,NaN
NaN,NaN
NaN,NaN
NaN,NaN
NaN,NaN
NaN,NaN
NaN,NaN
NaN,NaN
NaN,NaN
NaN,NaN
NaN,NaN
NaN,NaN
NaN,NaN
NaN,NaN
NaN,NaN
NaN,NaN
NaN,NaN
NaN,NaN
NaN,NaN
NaN,NaN
NaN,NaN
NaN,NaN
NaN,NaN
NaN,NaN
NaN,NaN
NaN,NaN
NaN,NaN
NaN,NaN
NaN,NaN
NaN,NaN
NaN,NaN
NaN,NaN
NaN,NaN
NaN,NaN
NaN,NaN
NaN,NaN
NaN,NaN
NaN,NaN
NaN,NaN
NaN,NaN
NaN,NaN
NaN,NaN
NaN,NaN
NaN,NaN
NaN,NaN
NaN,NaN
NaN,NaN
NaN,NaN
NaN,NaN
NaN,NaN
NaN,NaN
NaN,NaN
NaN,NaN
NaN,NaN
NaN,NaN
NaN,NaN
NaN,NaN
NaN,NaN
NaN,NaN
NaN,NaN
NaN,NaN
NaN,NaN
NaN,NaN
NaN,NaN
NaN,NaN
NaN,NaN
NaN,NaN
NaN,NaN
NaN,NaN
NaN,NaN
NaN,NaN
NaN,NaN
NaN,NaN
NaN,NaN
NaN,NaN
NaN,NaN
NaN,NaN
NaN,NaN
NaN,NaN
NaN,NaN
NaN,NaN
NaN,NaN
NaN,NaN
NaN,NaN
NaN,NaN
NaN,NaN
NaN,NaN
NaN,NaN
NaN,NaN
NaN,NaN
NaN,NaN
NaN,NaN
NaN,NaN
NaN,NaN
NaN,NaN
NaN,NaN
NaN,NaN
NaN,NaN
NaN,NaN
NaN,NaN
NaN,NaN
NaN,NaN
NaN,NaN
NaN,NaN
NaN,NaN
NaN,NaN
NaN,NaN
NaN,NaN
NaN,NaN
NaN,NaN
NaN,NaN
NaN,NaN
NaN,NaN
NaN,NaN
NaN,NaN
NaN,NaN
NaN,NaN
NaN,NaN
NaN,NaN
NaN,NaN
NaN,NaN
NaN,NaN
NaN,NaN
NaN,NaN
NaN,NaN
NaN,NaN
NaN,NaN
NaN,NaN
NaN,NaN
NaN,NaN
NaN,NaN
NaN,NaN
NaN,NaN
NaN,NaN
NaN,NaN
NaN,NaN
NaN,NaN
NaN,NaN
NaN,NaN
NaN,NaN
NaN,NaN
NaN,NaN
NaN,NaN
NaN,NaN
NaN,NaN
NaN,NaN
NaN,NaN
NaN,NaN
NaN,NaN
NaN,NaN
NaN,NaN
NaN,NaN
NaN,NaN
NaN,NaN
NaN,NaN
NaN,NaN
NaN,NaN
NaN,NaN
NaN,NaN
NaN,NaN
NaN,NaN
NaN,NaN
NaN,NaN
NaN,NaN
NaN,NaN
NaN,NaN
NaN,NaN
NaN,NaN
NaN,NaN
NaN,NaN
NaN,NaN
NaN,NaN
NaN,NaN
NaN,NaN
NaN,NaN
NaN,NaN
NaN,NaN
NaN,NaN
NaN,NaN
NaN,NaN
NaN,NaN
NaN,NaN
NaN,NaN
NaN,NaN
NaN,NaN
NaN,NaN
NaN,NaN
NaN,NaN
NaN,NaN
NaN,NaN
NaN,NaN
NaN,NaN
NaN,NaN
NaN,NaN
NaN,NaN
NaN,NaN
NaN,NaN
NaN,NaN
NaN,NaN
NaN,NaN
NaN,NaN
NaN,NaN
NaN,NaN
NaN,NaN
NaN,NaN
NaN,NaN
NaN,NaN
NaN,NaN
NaN,NaN
NaN,NaN
NaN,NaN
NaN,NaN
NaN,NaN
NaN,NaN
NaN,NaN
NaN,NaN
NaN,NaN
NaN,NaN
NaN,NaN
NaN,NaN
NaN,NaN
NaN,NaN
NaN,NaN
NaN,NaN
NaN,NaN
NaN,NaN
NaN,NaN
NaN,NaN
NaN,NaN
NaN,NaN
NaN,NaN
NaN,NaN
NaN,NaN
NaN,NaN
NaN,NaN
NaN,NaN
NaN,NaN
NaN,NaN
NaN,NaN
NaN,NaN
NaN,NaN
NaN,NaN
NaN,NaN
NaN,NaN
NaN,NaN
NaN,NaN
NaN,NaN
NaN,NaN
NaN,NaN
NaN,NaN
NaN,NaN
NaN,NaN
NaN,NaN
NaN,NaN
NaN,NaN
NaN,NaN
NaN,NaN
NaN,NaN
NaN,NaN
NaN,NaN
NaN,NaN
NaN,NaN
NaN,NaN
NaN,NaN
NaN,NaN
NaN,NaN
NaN,NaN
NaN,NaN
NaN,NaN
NaN,NaN
NaN,NaN
NaN,NaN
NaN,NaN
NaN,NaN
NaN,NaN
NaN,NaN
NaN,NaN
NaN,NaN
NaN,NaN
NaN,NaN
NaN,NaN
NaN,NaN
NaN,NaN
NaN,NaN
NaN,NaN
NaN,NaN
NaN,NaN
NaN,NaN
NaN,NaN
NaN,NaN
NaN,NaN
NaN,NaN
NaN,NaN
NaN,NaN
NaN,NaN
NaN,NaN
NaN,NaN
NaN,NaN
NaN,NaN
NaN,NaN
NaN,NaN
NaN,NaN
NaN,NaN
NaN,NaN
NaN,NaN
NaN,NaN
NaN,NaN
NaN,NaN
NaN,NaN
NaN,NaN
NaN,NaN
NaN,NaN
NaN,NaN
NaN,NaN
NaN,NaN
NaN,NaN
NaN,NaN
NaN,NaN
NaN,NaN
NaN,NaN
NaN,NaN
NaN,NaN
NaN,NaN
NaN,NaN
NaN,NaN
NaN,NaN
NaN,NaN
NaN,NaN
NaN,NaN
NaN,NaN
NaN,NaN
NaN,NaN
NaN,NaN
NaN,NaN
NaN,NaN
NaN,NaN
NaN,NaN
NaN,NaN
NaN,NaN
NaN,NaN
NaN,NaN
NaN,NaN
NaN,NaN
NaN,NaN
NaN,NaN
NaN,NaN
NaN,NaN
NaN,NaN
NaN,NaN
NaN,NaN
NaN,NaN
NaN,NaN
NaN,NaN
NaN,NaN
NaN,NaN
NaN,NaN
NaN,NaN
NaN,NaN
NaN,NaN
NaN,NaN
NaN,NaN
NaN,NaN
NaN,NaN
NaN,NaN
NaN,NaN
NaN,NaN
NaN,NaN
NaN,NaN
NaN,NaN
NaN,NaN
NaN,NaN
NaN,NaN
NaN,NaN
NaN,NaN
NaN,NaN
NaN,NaN
NaN,NaN
NaN,NaN
NaN,NaN
NaN,NaN
NaN,NaN
NaN,NaN
NaN,NaN
NaN,NaN
NaN,NaN
NaN,NaN
NaN,NaN
NaN,NaN
NaN,NaN
NaN,NaN
NaN,NaN
NaN,NaN
NaN,NaN
NaN,NaN
NaN,NaN
NaN,NaN
NaN,NaN
NaN,NaN
NaN,NaN
NaN,NaN
NaN,NaN
NaN,NaN
NaN,NaN
NaN,NaN
NaN,NaN
NaN,NaN
NaN,NaN
NaN,NaN
NaN,NaN
NaN,NaN
NaN,NaN
NaN,NaN
NaN,NaN
NaN,NaN
NaN,NaN
NaN,NaN
NaN,NaN
NaN,NaN
NaN,NaN
NaN,NaN
NaN,NaN
NaN,NaN
NaN,NaN
NaN,NaN
NaN,NaN
NaN,NaN
NaN,NaN
NaN,NaN
NaN,NaN
NaN,NaN
NaN,NaN
NaN,NaN
NaN,NaN
NaN,NaN
NaN,NaN
NaN,NaN
NaN,NaN
NaN,NaN
NaN,NaN
NaN,NaN
NaN,NaN
NaN,NaN
NaN,NaN
NaN,NaN
NaN,NaN
NaN,NaN
NaN,NaN
NaN,NaN
NaN,NaN
NaN,NaN
NaN,NaN
NaN,NaN
NaN,NaN
NaN,NaN
NaN,NaN
NaN,NaN
NaN,NaN
NaN,NaN
NaN,NaN
NaN,NaN
NaN,NaN
NaN,NaN
NaN,NaN
NaN,NaN
NaN,NaN
NaN,NaN
NaN,NaN
NaN,NaN
NaN,NaN
NaN,NaN
NaN,NaN
NaN,NaN
NaN,NaN
NaN,NaN
NaN,NaN
NaN,NaN
NaN,NaN
NaN,NaN
NaN,NaN
NaN,NaN
NaN,NaN
NaN,NaN
NaN,NaN
NaN,NaN
NaN,NaN
NaN,NaN
NaN,NaN
NaN,NaN
NaN,NaN
NaN,NaN
NaN,NaN
NaN,NaN
NaN,NaN
NaN,NaN
NaN,NaN
NaN,NaN
NaN,NaN
NaN,NaN
NaN,NaN
NaN,NaN
NaN,NaN
NaN,NaN
NaN,NaN
NaN,NaN
NaN,NaN
NaN,NaN
NaN,NaN
NaN,NaN
NaN,NaN
NaN,NaN
NaN,NaN
NaN,NaN
NaN,NaN
NaN,NaN
NaN,NaN
NaN,NaN
NaN,NaN
NaN,NaN
NaN,NaN
NaN,NaN
NaN,NaN
NaN,NaN
NaN,NaN
NaN,NaN
NaN,NaN
NaN,NaN
NaN,NaN
NaN,NaN
NaN,NaN
NaN,NaN
NaN,NaN
NaN,NaN
NaN,NaN
NaN,NaN
NaN,NaN
NaN,NaN
NaN,NaN
NaN,NaN
NaN,NaN
NaN,NaN
NaN,NaN
NaN,NaN
NaN,NaN
NaN,NaN
NaN,NaN
NaN,NaN
NaN,NaN
NaN,NaN
NaN,NaN
NaN,NaN
NaN,NaN
NaN,NaN
NaN,NaN
NaN,NaN
NaN,NaN
NaN,NaN
NaN,NaN
NaN,NaN
NaN,NaN
NaN,NaN
NaN,NaN
NaN,NaN
NaN,NaN
NaN,NaN
NaN,NaN
NaN,NaN
NaN,NaN
NaN,NaN
NaN,NaN
NaN,NaN
NaN,NaN
NaN,NaN
NaN,NaN
NaN,NaN
NaN,NaN
NaN,NaN
NaN,NaN
NaN,NaN
NaN,NaN
NaN,NaN
NaN,NaN
NaN,NaN
NaN,NaN
NaN,NaN
NaN,NaN
NaN,NaN
NaN,NaN
NaN,NaN
NaN,NaN
NaN,NaN
NaN,NaN
NaN,NaN
NaN,NaN
NaN,NaN
NaN,NaN
NaN,NaN
NaN,NaN
NaN,NaN
NaN,NaN
NaN,NaN
NaN,NaN
NaN,NaN
NaN,NaN
NaN,NaN
NaN,NaN
NaN,NaN
NaN,NaN
NaN,NaN
NaN,NaN
NaN,NaN
NaN,NaN
NaN,NaN
NaN,NaN
NaN,NaN
NaN,NaN
NaN,NaN
NaN,NaN
NaN,NaN
NaN,NaN
NaN,NaN
NaN,NaN
NaN,NaN
NaN,NaN
NaN,NaN
NaN,NaN
NaN,NaN
NaN,NaN
NaN,NaN
NaN,NaN
NaN,NaN
NaN,NaN
NaN,NaN
NaN,NaN
NaN,NaN
NaN,NaN
NaN,NaN
NaN,NaN
NaN,NaN
NaN,NaN
NaN,NaN
NaN,NaN
NaN,NaN
NaN,NaN
NaN,NaN
NaN,NaN
NaN,NaN
NaN,NaN
NaN,NaN
NaN,NaN
NaN,NaN
NaN,NaN
NaN,NaN
NaN,NaN
NaN,NaN
NaN,NaN
NaN,NaN
NaN,NaN
NaN,NaN
NaN,NaN
NaN,NaN
NaN,NaN
NaN,NaN
NaN,NaN
NaN,NaN
NaN,NaN
NaN,NaN
NaN,NaN
NaN,NaN
NaN,NaN
NaN,NaN
NaN,NaN
NaN,NaN
NaN,NaN
NaN,NaN
NaN,NaN
NaN,NaN
NaN,NaN
NaN,NaN
NaN,NaN
NaN,NaN
NaN,NaN
NaN,NaN
NaN,NaN
NaN,NaN
NaN,NaN
NaN,NaN
NaN,NaN
NaN,NaN
NaN,NaN
NaN,NaN
NaN,NaN
NaN,NaN
NaN,NaN
NaN,NaN
NaN,NaN
NaN,NaN
NaN,NaN
NaN,NaN
NaN,NaN
NaN,NaN
NaN,NaN
NaN,NaN
NaN,NaN
NaN,NaN
NaN,NaN
NaN,NaN
NaN,NaN
NaN,NaN
NaN,NaN
NaN,NaN
NaN,NaN
NaN,NaN
NaN,NaN
NaN,NaN
NaN,NaN
NaN,NaN
NaN,NaN
NaN,NaN
NaN,NaN
NaN,NaN
NaN,NaN
NaN,NaN
NaN,NaN
NaN,NaN
NaN,NaN
NaN,NaN
NaN,NaN
NaN,NaN
NaN,NaN
NaN,NaN
NaN,NaN
NaN,NaN
NaN,NaN
NaN,NaN
NaN,NaN
NaN,NaN
NaN,NaN
NaN,NaN
NaN,NaN
NaN,NaN
NaN,NaN
NaN,NaN
NaN,NaN
NaN,NaN
NaN,NaN
NaN,NaN
NaN,NaN
NaN,NaN
NaN,NaN
NaN,NaN
NaN,NaN
NaN,NaN
NaN,NaN
NaN,NaN
NaN,NaN
NaN,NaN
NaN,NaN
NaN,NaN
NaN,NaN
NaN,NaN
NaN,NaN
NaN,NaN
NaN,NaN
NaN,NaN
NaN,NaN
NaN,NaN
NaN,NaN
NaN,NaN
NaN,NaN
NaN,NaN
NaN,NaN
NaN,NaN
NaN,NaN
NaN,NaN
NaN,NaN
NaN,NaN
NaN,NaN
NaN,NaN
NaN,NaN
NaN,NaN
NaN,NaN
NaN,NaN
NaN,NaN
NaN,NaN
NaN,NaN
NaN,NaN
NaN,NaN
NaN,NaN
